ori,des,path,len,time_step
419,185,419_76_271_388_311_31_267_56_35_152_250_242_356_362_193_185,16,10
230,185,230_408_419_76_271_388_311_31_267_56_35_152_250_242_356_362_193_185,18,10
76,141,76_271_388_311_31_267_56_35_152_250_242_356_362_193_185_177_404_195_141,19,10
419,192,419_76_271_388_311_31_267_56_35_152_250_242_356_362_192,15,10
419,185,419_76_271_388_311_31_267_56_35_152_250_242_356_362_193_185,16,10
231,141,231_230_408_419_76_271_388_311_31_267_56_35_152_250_242_356_362_193_185_177_404_195_141,23,10
230,194,230_408_419_76_271_388_311_31_267_56_35_152_250_242_356_362_193_185_177_404_194,21,10
231,141,231_230_408_419_76_271_388_311_31_267_56_35_152_250_242_356_362_193_185_177_404_195_141,23,10
344,185,344_271_388_311_31_267_56_35_152_250_242_356_362_193_185,15,10
344,185,344_271_388_311_31_267_56_35_152_250_242_356_362_193_185,15,10
54,90,54_358_340_32_310_387_339_272_223_103_226_228_334_95_275_216_90,17,10
53,77,53_56_35_152_249_252_245_37_54_357_322_324_341_342_71_345_282_77,18,10
358,90,358_340_32_310_387_339_273_386_262_265_334_95_275_216_90,15,10
419,296,419_76_271_388_311_31_267_56_35_151_85_292_293_294_296,15,10
405,170,405_172_356_362_193_185_177_404_194_173_143_167_407_157_159_170,16,10
243,141,243_211_135_390_400_405_172_356_362_193_185_177_404_195_141,15,10
135,308,135_390_400_405_171_243_212_25_252_245_37_54_358_340_32_310_387_339_272_223_103_226_228_333_308,25,10
403,231,403_243_212_25_252_245_37_54_358_341_342_71_345_282_78_231,16,10
212,308,212_25_252_245_37_54_358_340_32_310_387_339_272_223_103_226_228_333_308,19,10
243,308,243_212_25_252_245_37_54_358_341_342_71_344_270_272_223_103_226_228_333_308,20,10
243,216,243_212_25_252_245_37_54_358_340_32_310_387_339_273_386_262_265_334_95_275_216,21,10
138,231,138_405_171_243_212_25_252_245_37_54_358_341_342_71_345_282_78_231,18,10
405,231,405_171_243_212_25_252_245_37_54_358_341_342_71_345_282_78_231,17,10
400,308,400_405_171_243_212_25_252_245_37_54_358_340_32_310_387_339_272_223_103_226_228_333_308,23,10
405,231,405_171_243_212_25_252_245_37_54_358_341_342_71_345_282_78_231,17,10
245,12,245_37_54_357_323_319_314_49_313_300_27_65_326_60_128_126_12,17,10
419,12,419_76_271_388_311_31_268_357_323_319_314_49_313_300_27_65_326_60_128_126_12,21,10
419,9,419_76_271_388_311_31_267_56_35_152_250_243_211_136_9,15,10
271,141,271_388_311_31_267_56_35_152_250_242_356_362_193_185_177_404_195_141,18,10
31,141,31_267_56_35_152_250_242_356_362_193_185_177_404_195_141,15,10
138,90,138_405_171_243_212_25_252_245_37_54_358_341_342_71_344_270_272_223_103_226_228_334_95_275_216_90,26,10
135,90,135_390_400_405_171_243_212_25_252_245_37_54_358_340_32_310_387_339_272_223_103_226_228_334_95_275_216_90,28,10
178,40,178_180_337_182_186_347_403_243_212_25_252_245_37_54_357_323_318_38_40,19,10
347,90,347_403_243_212_25_252_245_37_54_358_340_32_310_387_339_272_223_103_226_228_334_95_275_216_90,25,10
178,231,178_180_337_182_186_347_403_243_212_25_252_245_37_54_358_341_342_71_345_282_78_231,22,10
180,343,180_337_182_186_347_403_243_212_25_252_245_37_54_358_341_343,16,10
180,231,180_337_182_186_347_403_243_212_25_252_245_37_54_358_341_342_71_345_282_78_231,21,10
180,40,180_337_182_186_347_403_243_212_25_252_245_37_54_357_323_318_38_40,18,10
347,78,347_403_243_212_25_252_245_37_54_358_341_342_71_345_282_78,16,10
347,231,347_403_243_212_25_252_245_37_54_358_341_342_71_345_282_78_231,17,10
347,77,347_403_243_212_25_252_245_37_54_358_341_342_71_345_282_77,16,10
347,77,347_403_243_212_25_252_245_37_54_358_341_342_71_345_282_77,16,10
133,148,133_135_390_400_405_172_356_362_193_185_177_404_194_173_142_144_146_148,18,10
178,40,178_180_337_182_186_347_403_243_212_25_252_245_37_54_357_323_318_38_40,19,10
95,77,95_275_215_217_219_221_381_106_99_226_228_333_308_332_408_419_75_77,18,10
274,136,274_308_332_408_419_76_271_388_311_31_267_56_35_152_250_243_211_136,18,10
274,9,274_308_332_408_419_76_271_388_311_31_267_56_35_152_250_243_211_136_9,19,10
274,9,274_308_332_408_419_76_271_388_311_31_267_56_35_152_250_243_211_136_9,19,10
390,40,390_400_405_171_243_212_25_252_245_37_54_357_323_318_38_40,16,10
178,40,178_180_337_182_186_347_403_243_212_25_252_245_37_54_357_323_318_38_40,19,10
178,78,178_180_337_182_186_347_403_243_212_25_252_245_37_54_358_341_342_71_345_282_78,21,10
178,78,178_180_337_182_186_347_403_243_212_25_252_245_37_54_358_341_342_71_345_282_78,21,10
351,169,351_337_181_183_185_177_404_194_173_143_167_407_157_159_169,15,10
178,343,178_180_337_182_186_347_403_243_212_25_252_245_37_54_358_341_343,17,10
178,77,178_180_337_182_186_347_403_243_212_25_252_245_37_54_358_341_342_71_345_282_77,21,10
125,31,125_127_61_325_28_367_286_312_48_316_317_324_340_32_309_311_31,17,10
125,308,125_127_61_325_28_367_286_312_48_316_317_324_340_32_310_387_339_273_386_262_265_333_308,23,10
48,90,48_316_317_324_340_32_310_387_339_273_386_262_265_334_95_275_216_90,18,10
48,90,48_316_317_324_340_32_310_387_339_273_386_262_265_334_95_275_216_90,18,10
125,308,125_127_61_325_28_367_286_312_48_316_317_324_340_32_310_387_339_272_223_103_226_228_333_308,24,10
48,308,48_316_317_324_340_32_310_387_339_273_386_262_265_333_308,15,10
124,308,124_11_125_127_61_325_28_367_286_312_48_316_317_324_340_32_310_387_339_272_223_103_226_228_333_308,26,10
50,195,50_51_53_56_35_152_250_242_356_362_193_185_177_404_195,15,10
29,185,29_328_240_245_37_53_56_35_152_250_242_356_362_193_185,15,10
325,296,325_28_367_286_312_50_51_53_56_35_151_85_292_293_294_296,16,10
61,90,61_325_28_367_286_312_48_316_317_324_340_32_310_387_339_272_223_103_226_228_334_95_275_216_90,25,10
325,90,325_28_367_286_312_48_316_317_324_340_32_310_387_339_273_386_262_265_334_95_275_216_90,23,10
127,90,127_61_325_28_367_286_312_48_316_317_324_340_32_310_387_339_273_386_262_265_334_95_275_216_90,25,10
127,90,127_61_325_28_367_286_312_48_316_317_324_340_32_310_387_339_273_386_262_265_334_95_275_216_90,25,10
127,90,127_61_325_28_367_286_312_48_316_317_324_340_32_310_387_339_273_386_262_265_334_95_275_216_90,25,10
125,308,125_127_61_325_28_367_286_312_48_316_317_324_340_32_310_387_339_272_223_103_226_228_333_308,24,10
390,78,390_400_405_171_243_212_25_252_245_37_54_358_341_342_71_345_282_78,18,10
124,272,124_11_125_127_61_325_28_367_286_312_48_316_317_324_340_32_310_387_339_272,20,10
178,231,178_180_337_182_186_347_403_243_212_25_252_245_37_54_358_341_342_71_345_282_78_231,22,10
124,90,124_11_125_127_61_325_28_367_286_312_48_316_317_324_340_32_310_387_339_273_386_262_265_334_95_275_216_90,28,10
124,272,124_11_125_127_61_325_28_367_286_312_48_316_317_324_340_32_310_387_339_272,20,10
178,231,178_180_337_182_186_347_403_243_212_25_252_245_37_54_358_341_342_71_345_282_78_231,22,10
124,308,124_11_125_127_61_325_28_367_286_312_48_316_317_324_340_32_310_387_339_273_386_262_265_333_308,25,10
124,90,124_11_125_127_61_325_28_367_286_312_48_316_317_324_340_32_310_387_339_273_386_262_265_334_95_275_216_90,28,10
178,357,178_180_337_182_186_347_403_243_212_25_252_245_37_54_357,15,10
178,57,178_180_337_182_186_347_403_243_212_25_252_245_37_53_55_57,16,10
64,141,64_46_321_26_29_328_240_244_152_250_242_356_362_193_185_177_404_195_141,19,10
125,90,125_127_61_325_28_367_286_312_48_316_317_324_340_32_310_387_339_273_386_262_265_334_95_275_216_90,26,10
178,231,178_180_337_182_186_347_403_243_212_25_252_245_37_54_358_341_342_71_345_282_78_231,22,10
231,296,231_230_408_419_76_271_388_311_31_267_56_35_151_85_292_293_294_296,18,10
124,32,124_11_125_127_61_325_28_367_286_312_48_316_317_324_340_32,16,10
124,90,124_11_125_127_61_325_28_367_286_312_48_316_317_324_340_32_310_387_339_273_386_262_265_334_95_275_216_90,28,10
231,141,231_230_408_419_76_271_388_311_31_267_56_35_152_250_242_356_362_193_185_177_404_195_141,23,10
390,170,390_400_405_172_356_362_193_185_177_404_194_173_143_167_407_157_159_170,18,10
233,185,233_344_271_388_311_31_267_56_35_152_250_242_356_362_193_185,16,10
233,169,233_344_271_388_311_31_267_56_35_152_250_242_356_362_193_185_177_404_194_173_143_167_407_157_159_169,26,10
135,308,135_390_400_405_171_243_212_25_252_245_37_54_358_340_32_310_387_339_272_223_103_226_228_333_308,25,10
22,231,22_213_125_127_61_325_28_367_286_312_48_316_317_324_341_342_71_345_282_78_231,21,10
390,148,390_400_405_172_356_362_193_185_177_404_194_173_142_144_146_148,16,10
43,296,43_45_46_321_26_29_328_240_244_151_85_292_293_294_296,15,10
22,90,22_213_125_127_61_325_28_367_286_312_48_316_317_324_340_32_310_387_339_272_223_103_226_228_334_95_275_216_90,29,10
390,148,390_400_405_172_356_362_193_185_177_404_194_173_142_144_146_148,16,10
390,308,390_400_405_171_243_212_25_252_245_37_54_358_340_32_310_387_339_272_223_103_226_228_333_308,24,10
390,170,390_400_405_172_356_362_193_185_177_404_194_173_143_167_407_157_159_170,18,10
43,296,43_45_46_321_26_29_328_240_244_151_85_292_293_294_296,15,10
178,78,178_180_337_182_186_347_403_243_212_25_252_245_37_54_358_341_342_71_345_282_78,21,10
23,308,23_25_252_245_37_54_358_341_342_71_344_270_272_223_103_226_228_333_308,19,10
178,231,178_180_337_182_186_347_403_243_212_25_252_245_37_54_358_341_342_71_345_282_78_231,22,10
178,77,178_180_337_182_186_347_403_243_212_25_252_245_37_54_358_341_342_71_345_282_77,21,10
178,70,178_180_337_182_186_347_403_243_212_25_252_245_37_54_358_341_342_70,18,10
364,231,364_178_180_337_182_186_347_403_243_212_25_252_245_37_54_358_341_342_71_345_282_78_231,23,10
178,30,178_180_337_182_186_347_403_243_212_25_252_245_37_54_358_340_32_309_311_30,20,10
154,231,154_174_364_178_180_337_182_186_347_403_243_212_25_252_245_37_54_358_341_342_71_345_282_78_231,25,10
338,9,338_154_174_364_178_180_337_182_186_347_403_243_211_136_9,15,10
330,9,330_338_154_174_364_178_180_337_182_186_347_403_243_211_136_9,16,10
338,9,338_154_174_364_178_180_337_182_186_347_403_243_211_136_9,15,10
154,308,154_174_364_178_180_337_182_186_347_403_243_212_25_252_245_37_54_358_340_32_310_387_339_272_223_103_226_228_333_308,30,10
154,231,154_174_364_178_180_337_182_186_347_403_243_212_25_252_245_37_54_358_341_342_71_345_282_78_231,25,10
154,308,154_174_364_178_180_337_182_186_347_403_243_212_25_252_245_37_54_358_340_32_310_387_339_272_223_103_226_228_333_308,30,10
338,78,338_154_174_364_178_180_337_182_186_347_403_243_212_25_252_245_37_54_358_341_342_71_345_282_78,25,10
154,77,154_174_364_178_180_337_182_186_347_403_243_212_25_252_245_37_54_358_341_342_71_345_282_77,24,10
364,40,364_178_180_337_182_186_347_403_243_212_25_252_245_37_54_357_323_318_38_40,20,10
1,58,1_338_154_174_364_178_180_337_182_186_347_403_243_212_25_252_245_37_53_55_58,21,10
330,40,330_338_154_174_364_178_180_337_182_186_347_403_243_212_25_252_245_37_54_357_323_318_38_40,24,10
1,420,1_338_154_174_364_178_180_337_182_187_189_191_396_205_257_420,16,10
178,272,178_180_337_182_186_347_403_243_212_25_252_245_37_54_358_341_342_71_344_270_272,21,10
124,308,124_11_125_127_61_325_28_367_286_312_48_316_317_324_340_32_310_387_339_273_386_262_265_333_308,25,10
124,90,124_11_125_127_61_325_28_367_286_312_48_316_317_324_340_32_310_387_339_273_386_262_265_334_95_275_216_90,28,11
124,90,124_11_125_127_61_325_28_367_286_312_48_316_317_324_340_32_310_387_339_273_386_262_265_334_95_275_216_90,28,11
403,231,403_243_212_25_252_245_37_54_358_341_342_71_345_282_78_231,16,11
403,231,403_243_212_25_252_245_37_54_358_341_342_71_345_282_78_231,16,11
124,90,124_11_125_127_61_325_28_367_286_312_48_316_317_324_340_32_310_387_339_273_386_262_265_334_95_275_216_90,28,11
124,272,124_11_125_127_61_325_28_367_286_312_48_316_317_324_340_32_310_387_339_272,20,11
124,308,124_11_125_127_61_325_28_367_286_312_48_316_317_324_340_32_310_387_339_272_223_103_226_228_333_308,26,11
124,90,124_11_125_127_61_325_28_367_286_312_48_316_317_324_340_32_310_387_339_272_223_103_226_228_334_95_275_216_90,29,11
43,296,43_45_46_321_26_29_328_240_244_151_85_292_293_294_296,15,11
124,262,124_11_125_127_61_325_28_367_286_312_48_316_317_324_340_32_310_387_339_273_386_262,22,11
330,40,330_338_154_174_364_178_180_337_182_186_347_403_243_212_25_252_245_37_54_357_323_318_38_40,24,11
124,32,124_11_125_127_61_325_28_367_286_312_48_316_317_324_340_32,16,11
124,32,124_11_125_127_61_325_28_367_286_312_48_316_317_324_340_32,16,11
330,9,330_338_154_174_364_178_180_337_182_186_347_403_243_211_136_9,16,11
124,32,124_11_125_127_61_325_28_367_286_312_48_316_317_324_340_32,16,11
330,310,330_338_154_174_364_178_180_337_182_186_347_403_243_212_25_252_245_37_54_358_340_32_310,23,11
124,90,124_11_125_127_61_325_28_367_286_312_48_316_317_324_340_32_310_387_339_273_386_262_265_334_95_275_216_90,28,11
124,57,124_11_125_127_61_325_28_367_286_312_50_51_53_55_57,15,11
1,9,1_338_154_174_364_178_180_337_182_186_347_403_243_211_136_9,16,11
1,9,1_338_154_174_364_178_180_337_182_186_347_403_243_211_136_9,16,11
1,9,1_338_154_174_364_178_180_337_182_186_347_403_243_211_136_9,16,11
124,308,124_11_125_127_61_325_28_367_286_312_48_316_317_324_340_32_310_387_339_273_386_262_265_333_308,25,11
1,9,1_338_154_174_364_178_180_337_182_186_347_403_243_211_136_9,16,11
124,57,124_11_125_127_61_325_28_367_286_312_50_51_53_55_57,15,11
1,9,1_338_154_174_364_178_180_337_182_186_347_403_243_211_136_9,16,11
1,40,1_338_154_174_364_178_180_337_182_186_347_403_243_212_25_252_245_37_54_357_323_318_38_40,24,11
23,90,23_25_252_245_37_54_358_340_32_310_387_339_272_223_103_226_228_334_95_275_216_90,22,11
353,9,353_0_330_338_154_174_364_178_180_337_182_186_347_403_243_211_136_9,18,11
135,170,135_390_400_405_172_356_362_193_185_177_404_194_173_143_167_407_157_159_170,19,11
390,345,390_400_405_171_243_212_25_252_245_37_54_358_341_342_71_345,16,11
390,170,390_400_405_172_356_362_193_185_177_404_194_173_143_167_407_157_159_170,18,11
135,170,135_390_400_405_172_356_362_193_185_177_404_194_173_143_167_407_157_159_170,19,11
390,169,390_400_405_172_356_362_193_185_177_404_194_173_143_167_407_157_159_169,18,11
233,170,233_344_271_388_311_31_267_56_35_152_250_242_356_362_193_185_177_404_194_173_143_167_407_157_159_170,26,11
390,30,390_400_405_171_243_212_25_252_245_37_54_358_340_32_309_311_30,17,11
140,420,140_194_174_364_178_180_337_182_187_189_191_396_205_257_420,15,11
390,308,390_400_405_171_243_212_25_252_245_37_54_358_340_32_310_387_339_272_223_103_226_228_333_308,24,11
43,148,43_45_46_321_26_29_328_240_244_152_250_242_356_362_193_185_177_404_194_173_142_144_146_148,24,11
135,231,135_390_400_405_171_243_212_25_252_245_37_54_358_341_342_71_345_282_78_231,20,11
390,170,390_400_405_172_356_362_193_185_177_404_194_173_143_167_407_157_159_170,18,11
390,231,390_400_405_171_243_212_25_252_245_37_54_358_341_342_71_345_282_78_231,19,11
390,78,390_400_405_171_243_212_25_252_245_37_54_358_341_342_71_345_282_78,18,11
353,9,353_1_338_154_174_364_178_180_337_182_186_347_403_243_211_136_9,17,11
390,148,390_400_405_172_356_362_193_185_177_404_194_173_142_144_146_148,16,11
353,231,353_1_338_154_174_364_178_180_337_182_186_347_403_243_212_25_252_245_37_54_358_341_342_71_345_282_78_231,28,11
377,141,377_39_315_51_53_56_35_152_250_242_356_362_193_185_177_404_195_141,18,11
353,9,353_1_338_154_174_364_178_180_337_182_186_347_403_243_211_136_9,17,11
135,308,135_390_400_405_171_243_212_25_252_245_37_54_358_340_32_310_387_339_272_223_103_226_228_333_308,25,11
377,141,377_39_315_51_53_56_35_152_250_242_356_362_193_185_177_404_195_141,18,11
353,172,353_1_338_154_174_364_178_180_337_182_186_347_403_243_211_135_390_400_405_172,20,11
353,9,353_1_338_154_174_364_178_180_337_182_186_347_403_243_211_136_9,17,11
124,296,124_11_125_127_61_325_29_328_240_244_151_85_292_293_294_296,16,11
124,308,124_11_125_127_61_325_28_367_286_312_48_316_317_324_340_32_310_387_339_273_386_262_265_333_308,25,11
124,216,124_11_125_127_61_325_28_367_286_312_48_316_317_324_340_32_310_387_339_273_386_262_265_334_95_275_216,27,11
149,32,149_349_290_364_178_180_337_182_186_347_403_243_212_25_252_245_37_54_358_340_32,21,11
124,57,124_11_125_127_61_325_28_367_286_312_50_51_53_55_57,15,11
124,296,124_11_125_127_61_325_29_328_240_244_151_85_292_293_294_296,16,11
43,195,43_45_46_321_26_29_328_240_244_152_250_242_356_362_193_185_177_404_195,19,12
124,308,124_11_125_127_61_325_28_367_286_312_48_316_317_324_340_32_310_387_339_273_386_263_336_265_333_308,26,12
117,77,117_139_109_45_46_321_26_29_328_240_245_37_54_358_341_342_71_345_282_77,20,12
124,265,124_11_125_127_61_325_28_367_286_312_48_316_317_324_340_32_310_387_339_273_386_262_265,23,12
124,90,124_11_125_127_61_325_28_367_286_312_48_316_317_324_340_32_310_387_339_272_223_103_226_228_334_95_275_216_90,29,12
124,95,124_11_125_127_61_325_28_367_286_312_48_316_317_324_340_32_310_387_339_273_386_262_265_334_95,25,12
423,57,423_114_372_127_61_325_28_367_286_312_50_51_53_55_57,15,12
353,9,353_1_338_154_174_364_178_180_337_182_186_347_403_243_211_136_9,17,12
353,136,353_1_338_154_174_364_178_180_337_182_186_347_403_243_211_136,16,12
124,95,124_11_125_127_61_325_28_367_286_312_48_316_317_324_341_342_71_344_270_273_386_262_265_334_95,25,12
353,251,353_1_338_154_174_364_178_180_337_182_186_347_403_243_212_25_251,17,12
353,25,353_1_338_154_174_364_178_180_337_182_186_347_403_243_212_25,16,12
353,25,353_1_338_154_174_364_178_180_337_182_186_347_403_243_212_25,16,12
353,9,353_1_338_154_174_364_178_180_337_182_186_347_403_243_211_136_9,17,12
353,231,353_1_338_154_174_364_178_180_337_182_186_347_403_243_212_25_252_245_37_54_358_341_342_71_345_282_78_231,28,12
353,262,353_0_330_338_154_174_364_178_180_337_182_186_347_403_243_212_25_252_245_37_54_358_340_32_310_387_339_273_386_262,30,12
133,170,133_135_390_400_405_172_356_362_193_185_177_404_194_173_143_167_407_157_159_170,20,12
124,231,124_11_125_127_61_325_28_367_286_312_48_316_317_324_341_342_71_345_282_78_231,21,12
353,136,353_0_330_338_154_174_364_178_180_337_182_186_347_403_243_211_136,17,12
41,296,41_43_45_46_321_26_29_328_240_244_151_85_292_293_294_296,16,12
233,141,233_344_271_388_311_31_267_56_35_152_250_242_356_362_193_185_177_404_195_141,20,12
135,216,135_390_400_405_171_243_212_25_252_245_37_54_358_340_32_310_387_339_273_386_262_265_334_95_275_216,26,12
41,296,41_43_45_46_321_26_29_328_240_244_151_85_292_293_294_296,16,12
233,185,233_344_271_388_311_31_267_56_35_152_250_242_356_362_193_185,16,12
41,296,41_43_45_46_321_26_29_328_240_244_151_85_292_293_294_296,16,12
390,170,390_400_405_172_356_362_193_185_177_404_194_173_143_167_407_157_159_170,18,12
233,170,233_344_271_388_311_31_267_56_35_152_250_242_356_362_193_185_177_404_194_173_143_167_407_157_159_170,26,12
135,90,135_390_400_405_171_243_212_25_252_245_37_54_358_340_32_310_387_339_273_386_262_265_334_95_275_216_90,27,12
233,141,233_344_271_388_311_31_267_56_35_152_250_242_356_362_193_185_177_404_195_141,20,12
233,296,233_344_271_388_311_31_267_56_35_151_85_292_293_294_296,15,12
178,40,178_180_337_182_186_347_403_243_212_25_252_245_37_54_357_323_318_38_40,19,12
212,141,212_25_252_244_152_250_242_356_362_193_185_177_404_195_141,15,12
41,296,41_43_45_46_321_26_29_328_240_244_151_85_292_293_294_296,16,12
117,296,117_139_109_45_46_321_26_29_328_240_244_151_85_292_293_294_296,17,12
41,195,41_43_45_46_321_26_28_367_286_312_50_51_53_56_35_152_250_242_356_362_193_185_177_404_195,25,12
390,265,390_400_405_171_243_212_25_252_245_37_54_358_340_32_310_387_339_273_386_262_265,21,12
23,90,23_25_252_245_37_54_358_341_342_71_344_270_273_386_262_265_334_95_275_216_90,21,12
135,308,135_390_400_405_171_243_212_25_252_245_37_54_358_340_32_310_387_339_272_223_103_226_228_333_308,25,12
124,90,124_11_125_127_61_325_28_367_286_312_48_316_317_324_340_32_310_387_339_273_386_262_265_334_95_275_216_90,28,12
124,308,124_11_125_127_61_325_28_367_286_312_48_316_317_324_340_32_310_387_339_272_223_103_226_228_333_308,26,12
23,308,23_25_252_245_37_54_358_340_32_310_387_339_273_386_262_265_333_308,18,12
41,296,41_43_45_46_321_26_29_328_240_244_151_85_292_293_294_296,16,12
124,90,124_11_125_127_61_325_28_367_286_312_48_316_317_324_340_32_310_387_339_272_223_103_226_227_97_383_275_216_90,29,12
124,95,124_11_125_127_61_325_28_367_286_312_48_316_317_324_340_32_310_387_339_272_223_103_226_228_334_95,26,12
124,262,124_11_125_127_61_325_28_367_286_312_48_316_317_324_340_32_310_387_339_273_386_262,22,12
124,90,124_11_125_127_61_325_28_367_286_312_48_316_317_324_340_32_310_387_339_273_386_262_265_334_95_275_216_90,28,12
124,95,124_11_125_127_61_325_28_367_286_312_48_316_317_324_340_32_310_387_339_273_386_262_265_334_95,25,12
124,95,124_11_125_127_61_325_28_367_286_312_48_316_317_324_340_32_310_387_339_273_386_262_265_334_95,25,12
124,340,124_11_125_127_61_325_28_367_286_312_48_316_317_324_340,15,12
82,296,82_35_152_250_243_212_25_252_244_151_85_292_293_294_296,15,12
214,228,214_11_125_127_61_325_28_367_286_312_48_316_317_324_340_32_310_387_339_272_223_103_226_228,24,12
214,296,214_11_125_127_61_325_29_328_240_244_151_85_292_293_294_296,16,12
41,141,41_43_45_46_321_26_29_328_240_244_152_250_242_356_362_193_185_177_404_195_141,21,12
124,272,124_11_125_127_61_325_28_367_286_312_48_316_317_324_340_32_310_387_339_272,20,12
124,262,124_11_125_127_61_325_28_367_286_312_48_316_317_324_340_32_310_387_339_273_386_262,22,12
23,13,23_25_252_245_37_54_357_323_319_314_49_313_300_27_65_326_60_128_126_10_13,21,13
353,9,353_1_338_154_174_364_178_180_337_182_186_347_403_243_211_136_9,17,13
377,141,377_39_315_51_53_56_35_152_250_242_356_362_193_185_177_404_195_141,18,13
124,272,124_11_125_127_61_325_28_367_286_312_48_316_317_324_340_32_310_387_339_272,20,13
353,40,353_1_338_154_174_364_178_180_337_182_186_347_403_243_212_25_252_245_37_54_357_323_318_38_40,25,13
233,169,233_344_271_388_311_31_267_56_35_152_250_242_356_362_193_185_177_404_194_173_143_167_407_157_159_169,26,13
140,9,140_194_174_364_178_180_337_182_186_347_403_243_211_136_9,15,13
138,263,138_405_171_243_212_25_252_245_37_54_358_341_342_71_344_270_273_386_263,19,13
353,9,353_1_338_154_174_364_178_180_337_182_186_347_403_243_211_136_9,17,13
41,296,41_43_45_46_321_26_29_328_240_244_151_85_292_293_294_296,16,13
353,9,353_1_338_154_174_364_178_180_337_182_186_347_403_243_211_136_9,17,13
41,296,41_43_45_46_321_26_29_328_240_244_151_85_292_293_294_296,16,13
353,78,353_1_338_154_174_364_178_180_337_182_186_347_403_243_212_25_252_245_37_54_358_341_342_71_345_282_78,27,13
135,77,135_390_400_405_171_243_212_25_252_245_37_54_358_341_342_71_345_282_77,19,13
353,136,353_0_330_338_154_174_364_178_180_337_182_186_347_403_243_211_136,17,13
135,170,135_390_400_405_172_356_362_193_185_177_404_194_173_143_167_407_157_159_170,19,13
390,148,390_400_405_172_356_362_193_185_177_404_194_173_142_144_146_148,16,13
82,170,82_35_152_250_242_356_362_193_185_177_404_194_173_143_167_407_157_159_170,19,13
233,296,233_344_271_388_311_31_267_56_35_151_85_292_293_294_296,15,13
41,296,41_43_45_46_321_26_29_328_240_244_151_85_292_293_294_296,16,13
41,296,41_43_45_46_321_26_29_328_240_244_151_85_292_293_294_296,16,13
135,148,135_390_400_405_172_356_362_193_185_177_404_194_173_142_144_146_148,17,13
41,296,41_43_45_46_321_26_29_328_240_244_151_85_292_293_294_296,16,13
135,148,135_390_400_405_172_356_362_193_185_177_404_194_173_142_144_146_148,17,13
423,32,423_114_372_127_61_325_28_367_286_312_48_316_317_324_340_32,16,13
377,141,377_39_315_52_374_240_244_152_250_242_356_362_193_185_177_404_195_141,18,13
390,231,390_400_405_171_243_212_25_252_245_37_54_358_341_342_71_345_282_78_231,19,13
124,32,124_11_125_127_61_325_28_367_286_312_48_316_317_324_340_32,16,13
124,308,124_11_125_127_61_325_28_367_286_312_48_316_317_324_340_32_310_387_339_273_386_263_336_265_333_308,26,13
124,95,124_11_125_127_61_325_28_367_286_312_48_316_317_324_340_32_310_387_339_273_386_262_265_334_95,25,13
23,265,23_25_252_245_37_54_358_340_32_310_387_339_273_386_262_265,16,13
41,296,41_43_45_46_321_26_29_328_240_244_151_85_292_293_294_296,16,13
124,262,124_11_125_127_61_325_28_367_286_312_48_316_317_324_340_32_310_387_339_273_386_262,22,13
124,262,124_11_125_127_61_325_28_367_286_312_48_316_317_324_340_32_310_387_339_273_386_262,22,13
124,262,124_11_125_127_61_325_28_367_286_312_48_316_317_324_340_32_310_387_339_273_386_262,22,13
124,231,124_11_125_127_61_325_28_367_286_312_48_316_317_324_341_342_71_345_282_78_231,21,13
124,231,124_11_125_127_61_325_28_367_286_312_48_316_317_324_341_342_71_345_282_78_231,21,13
41,296,41_43_45_46_321_26_29_328_240_244_151_85_292_293_294_296,16,13
124,227,124_11_125_127_61_325_28_367_286_312_48_316_317_324_340_32_310_387_339_272_223_103_226_227,24,13
124,226,124_11_125_127_61_325_28_367_286_312_48_316_317_324_340_32_310_387_339_272_223_103_226,23,13
124,262,124_11_125_127_61_325_28_367_286_312_48_316_317_324_340_32_310_387_339_273_386_262,22,13
124,262,124_11_125_127_61_325_28_367_286_312_48_316_317_324_340_32_310_387_339_273_386_262,22,13
214,344,214_11_125_127_61_325_28_367_286_312_48_316_317_324_341_342_71_344,18,13
124,262,124_11_125_127_61_325_28_367_286_312_48_316_317_324_340_32_310_387_339_273_386_262,22,13
124,262,124_11_125_127_61_325_28_367_286_312_48_316_317_324_340_32_310_387_339_273_386_262,22,13
124,263,124_11_125_127_61_325_28_367_286_312_48_316_317_324_340_32_310_387_339_273_386_263,22,13
353,136,353_1_338_154_174_364_178_180_337_182_186_347_403_243_211_136,16,13
353,9,353_1_338_154_174_364_178_180_337_182_186_347_403_243_211_136_9,17,13
353,394,353_1_338_154_174_364_178_180_337_182_187_189_190_398_394,15,13
353,231,353_1_338_154_174_364_178_180_337_182_186_347_403_243_212_25_252_245_37_54_358_341_342_71_345_282_78_231,28,14
353,251,353_1_338_154_174_364_178_180_337_182_186_347_403_243_212_25_251,17,14
353,420,353_1_338_154_174_364_178_180_337_182_187_189_191_396_205_257_420,17,14
149,78,149_349_290_364_178_180_337_182_186_347_403_243_212_25_252_245_37_54_358_341_342_71_345_282_78,25,14
124,226,124_11_125_127_61_325_28_367_286_312_48_316_317_324_340_32_310_387_339_272_223_103_226,23,14
403,231,403_243_212_25_252_245_37_54_358_341_342_71_345_282_78_231,16,14
353,136,353_0_330_338_154_174_364_178_180_337_182_186_347_403_243_211_136,17,14
185,342,185_177_404_194_174_364_178_180_337_182_186_347_403_243_212_25_252_245_37_54_358_341_342,23,14
124,344,124_11_125_127_61_325_28_367_286_312_48_316_317_324_341_342_71_344,18,14
353,32,353_0_330_338_154_174_364_178_180_337_182_186_347_403_243_212_25_252_245_37_54_357_322_324_340_32,26,14
233,296,233_344_271_388_311_31_267_56_35_151_85_292_293_294_296,15,14
353,9,353_1_338_154_174_364_178_180_337_182_186_347_403_243_211_136_9,17,14
403,78,403_243_212_25_252_245_37_54_358_341_342_71_345_282_78,15,14
311,90,311_31_268_358_340_32_310_387_339_272_223_103_226_228_334_95_275_216_90,19,14
41,296,41_43_45_46_321_26_29_328_240_244_151_85_292_293_294_296,16,14
41,294,41_43_45_46_321_26_29_328_240_244_151_85_292_293_294,15,14
138,40,138_405_171_243_212_25_252_245_37_54_357_323_318_38_40,15,14
353,9,353_0_330_338_154_174_364_178_180_337_182_186_347_403_243_211_136_9,18,14
41,294,41_43_45_46_321_26_29_328_240_244_151_85_292_293_294,15,14
390,170,390_400_405_172_356_362_193_185_177_404_194_173_143_167_407_157_159_170,18,14
390,226,390_400_405_171_243_212_25_252_245_37_54_358_340_32_310_387_339_272_223_103_226,21,14
117,293,117_139_109_45_46_321_26_29_328_240_244_151_85_292_293,15,14
135,32,135_390_400_405_171_243_212_25_252_245_37_54_358_340_32,15,14
149,9,149_349_290_364_178_180_337_182_186_347_403_243_211_136_9,15,14
135,32,135_390_400_405_171_243_212_25_252_245_37_54_358_340_32,15,14
124,262,124_11_125_127_61_325_28_367_286_312_48_316_317_324_340_32_310_387_339_273_386_262,22,14
214,272,214_11_125_127_61_325_28_367_286_312_48_316_317_324_340_32_310_387_339_272,20,14
41,262,41_43_45_46_321_26_28_367_286_312_48_316_317_324_340_32_310_387_339_273_386_262,22,14
124,231,124_11_125_127_61_325_28_367_286_312_48_316_317_324_341_342_71_345_282_78_231,21,14
124,310,124_11_125_127_61_325_28_367_286_312_48_316_317_324_340_32_310,17,14
133,407,133_135_390_400_405_172_356_362_193_185_177_404_194_173_143_167_407,17,14
124,310,124_11_125_127_61_325_28_367_286_312_48_316_317_324_340_32_310,17,14
124,344,124_11_125_127_61_325_28_367_286_312_48_316_317_324_341_342_71_344,18,14
124,340,124_11_125_127_61_325_28_367_286_312_48_316_317_324_340,15,14
353,373,353_1_338_154_174_364_178_180_337_182_186_347_403_243_212_25_252_245_36_373,20,14
124,310,124_11_125_127_61_325_28_367_286_312_48_316_317_324_340_32_310,17,14
124,309,124_11_125_127_61_325_28_367_286_312_48_316_317_324_340_32_309,17,14
353,9,353_1_338_154_174_364_178_180_337_182_186_347_403_243_211_136_9,17,14
353,136,353_1_338_154_174_364_178_180_337_182_186_347_403_243_211_136,16,14
124,310,124_11_125_127_61_325_28_367_286_312_48_316_317_324_340_32_310,17,14
353,32,353_1_338_154_174_364_178_180_337_182_186_347_403_243_212_25_252_245_37_54_358_340_32,23,14
353,9,353_1_338_154_174_364_178_180_337_182_186_347_403_243_211_136_9,17,14
353,71,353_1_338_154_174_364_178_180_337_182_186_347_403_243_212_25_252_245_37_54_358_341_342_71,24,15
353,136,353_1_338_154_174_364_178_180_337_182_186_347_403_243_211_136,16,15
403,231,403_243_212_25_252_245_37_54_358_341_342_71_345_282_78_231,16,15
233,296,233_344_271_388_311_31_267_56_35_151_84_299_293_294_296,15,15
390,77,390_400_405_171_243_212_25_252_245_37_54_358_341_342_71_345_282_77,18,15
41,265,41_43_45_46_321_26_28_367_286_312_48_316_317_324_340_32_310_387_339_273_386_262_265,23,15
390,231,390_400_405_171_243_212_25_252_245_37_54_358_341_342_71_345_282_78_231,19,15
231,404,231_230_408_419_76_271_388_311_31_267_56_35_152_250_242_356_362_193_185_177_404,21,15
353,9,353_1_338_154_174_364_178_180_337_182_186_347_403_243_211_136_9,17,15
41,57,41_43_45_46_321_26_28_367_286_312_50_51_53_55_57,15,15
231,136,231_230_408_419_76_271_388_311_31_267_56_35_152_250_243_211_136,17,15
403,231,403_243_212_25_252_245_37_54_358_341_342_71_345_282_78_231,16,15
231,177,231_230_408_419_76_271_388_311_31_267_56_35_152_250_242_356_362_193_185_177,20,15
231,185,231_230_408_419_76_271_388_311_31_267_56_35_152_250_242_356_362_193_185,19,15
231,296,231_230_408_419_76_271_388_311_31_267_56_35_151_85_292_293_294_296,18,15
231,243,231_230_408_419_76_271_388_311_31_267_56_35_152_250_243,15,15
403,77,403_243_212_25_252_245_37_54_358_341_342_71_345_282_77,15,15
231,296,231_230_408_419_76_271_388_311_31_267_56_35_151_85_292_293_294_296,18,15
231,177,231_230_408_419_76_271_388_311_31_267_56_35_152_250_242_356_362_193_185_177,20,15
231,136,231_230_408_419_76_271_388_311_31_267_56_35_152_250_243_211_136,17,15
231,296,231_230_408_419_76_271_388_311_31_267_56_35_151_85_292_293_294_296,18,15
231,260,231_230_408_419_76_271_388_311_31_267_56_35_151_85_292_293_294_297_256_260,20,15
353,71,353_1_338_154_174_364_178_180_337_182_186_347_403_243_212_25_252_245_37_54_358_341_342_71,24,15
353,211,353_1_338_154_174_364_178_180_337_182_186_347_403_243_211,15,15
403,231,403_243_212_25_252_245_37_54_358_341_342_71_345_282_78_231,16,15
403,231,403_243_212_25_252_245_37_54_358_341_342_71_345_282_78_231,16,15
353,9,353_1_338_154_174_364_178_180_337_182_186_347_403_243_211_136_9,17,15
231,296,231_230_408_419_76_271_388_311_31_267_56_35_151_85_292_293_294_296,18,15
353,252,353_1_338_154_174_364_178_180_337_182_186_347_403_243_212_25_252,17,15
353,25,353_0_330_338_154_174_364_178_180_337_182_186_347_403_243_212_25,17,15
353,243,353_0_330_338_154_174_364_178_180_337_182_186_347_403_243,15,15
353,211,353_1_338_154_174_364_178_180_337_182_186_347_403_243_211,15,15
353,211,353_1_338_154_174_364_178_180_337_182_186_347_403_243_211,15,15
353,136,353_1_338_154_174_364_178_180_337_182_186_347_403_243_211_136,16,16
233,296,233_344_271_388_311_31_267_56_35_151_85_292_293_294_296,15,16
231,296,231_230_408_419_76_271_388_311_31_267_56_35_151_85_292_293_294_296,18,16
231,297,231_230_408_419_76_271_388_311_31_267_56_35_151_85_292_293_294_297,18,16
231,296,231_230_408_419_76_271_388_311_31_267_56_35_151_85_292_293_294_296,18,16
388,141,388_311_31_267_56_35_152_250_242_356_362_193_185_177_404_195_141,17,20
31,141,31_267_56_35_152_250_242_356_362_193_185_177_404_195_141,15,20
31,141,31_267_56_35_152_250_242_356_362_193_185_177_404_195_141,15,20
271,195,271_388_311_31_267_56_35_152_250_242_356_362_193_185_177_404_195,17,20
311,141,311_31_267_56_35_152_250_242_356_362_193_185_177_404_195_141,16,20
311,195,311_31_267_56_35_152_250_242_356_362_193_185_177_404_195,15,20
76,141,76_271_388_311_31_267_56_35_152_250_242_356_362_193_185_177_404_195_141,19,20
76,141,76_271_388_311_31_267_56_35_152_250_242_356_362_193_185_177_404_195_141,19,20
419,185,419_76_271_388_311_31_267_56_35_152_250_242_356_362_193_185,16,20
231,141,231_230_408_419_76_271_388_311_31_267_56_35_152_250_242_356_362_193_185_177_404_195_141,23,20
400,170,400_405_172_356_362_193_185_177_404_194_173_143_167_407_157_159_170,17,20
250,170,250_242_356_362_193_185_177_404_194_173_143_167_407_157_159_170,16,20
242,170,242_356_362_193_185_177_404_194_173_143_167_407_157_159_170,15,20
182,272,182_186_347_403_243_212_25_252_245_37_54_358_340_32_310_387_339_272,18,20
178,77,178_180_337_182_186_347_403_243_212_25_252_245_37_54_358_341_342_71_345_282_77,21,20
243,231,243_212_25_252_245_37_54_358_341_342_71_345_282_78_231,15,20
405,78,405_171_243_212_25_252_245_37_54_358_341_342_71_345_282_78,16,20
403,231,403_243_212_25_252_245_37_54_358_341_342_71_345_282_78_231,16,20
243,231,243_212_25_252_245_37_54_358_341_342_71_345_282_78_231,15,20
243,231,243_212_25_252_245_37_54_358_341_342_71_345_282_78_231,15,20
1,9,1_338_154_174_364_178_180_337_182_186_347_403_243_211_136_9,16,20
231,251,231_230_408_419_76_271_388_311_31_267_56_35_152_249_251,15,20
154,40,154_174_364_178_180_337_182_186_347_403_243_212_25_252_245_37_54_357_323_318_38_40,22,20
154,358,154_174_364_178_180_337_182_186_347_403_243_212_25_252_245_37_54_358,18,20
338,251,338_154_174_364_178_180_337_182_186_347_403_243_212_25_251,15,20
154,40,154_174_364_178_180_337_182_186_347_403_243_212_25_252_245_37_54_357_323_318_38_40,22,20
154,272,154_174_364_178_180_337_182_186_347_403_243_212_25_252_245_37_54_358_340_32_310_387_339_272,24,20
154,78,154_174_364_178_180_337_182_186_347_403_243_212_25_252_245_37_54_358_341_342_71_345_282_78,24,20
351,231,351_337_182_186_347_403_243_212_25_252_245_37_54_358_341_342_71_345_282_78_231,21,20
182,272,182_186_347_403_243_212_25_252_245_37_54_358_340_32_310_387_339_272,18,20
180,231,180_337_182_186_347_403_243_212_25_252_245_37_54_358_341_342_71_345_282_78_231,21,20
180,231,180_337_182_186_347_403_243_212_25_252_245_37_54_358_341_342_71_345_282_78_231,21,20
403,272,403_243_212_25_252_245_37_54_358_340_32_310_387_339_272,15,20
403,77,403_243_212_25_252_245_37_54_358_341_342_71_345_282_77,15,20
347,272,347_403_243_212_25_252_245_37_54_358_340_32_310_387_339_272,16,20
76,237,76_271_388_311_31_267_56_35_151_85_292_293_294_296_203_190_397_350_237,19,20
76,237,76_271_388_311_31_267_56_35_151_85_292_293_294_296_203_190_397_350_237,19,20
76,395,76_271_388_311_31_267_56_35_151_85_292_293_294_296_203_191_395,17,20
76,237,76_271_388_311_31_267_56_35_151_85_292_293_294_296_203_190_397_350_237,19,20
111,265,111_115_360_372_127_61_325_28_367_286_312_48_316_317_324_340_32_310_387_339_273_386_262_265,24,20
213,231,213_125_127_61_325_28_367_286_312_48_316_317_324_341_342_71_345_282_78_231,20,20
125,77,125_127_61_325_28_367_286_312_48_316_317_324_341_342_71_345_282_77,18,20
213,343,213_125_127_61_325_28_367_286_312_48_316_317_324_341_343,15,20
11,272,11_125_127_61_325_28_367_286_312_48_316_317_324_340_32_310_387_339_272,19,20
125,272,125_127_61_325_28_367_286_312_48_316_317_324_340_32_310_387_339_272,18,20
268,12,268_357_323_319_314_49_313_300_27_65_326_60_128_126_12,15,20
127,90,127_61_325_28_367_286_312_48_316_317_324_340_32_310_387_339_273_386_262_265_334_95_275_216_90,25,20
125,231,125_127_61_325_28_367_286_312_48_316_317_324_341_342_71_345_282_78_231,19,20
127,231,127_61_325_28_367_286_312_48_316_317_324_341_342_71_345_282_78_231,18,20
61,231,61_325_28_367_286_312_48_316_317_324_341_342_71_345_282_78_231,17,20
61,272,61_325_28_367_286_312_48_316_317_324_340_32_310_387_339_272,16,20
61,272,61_325_28_367_286_312_48_316_317_324_340_32_310_387_339_272,16,20
325,272,325_28_367_286_312_48_316_317_324_340_32_310_387_339_272,15,20
61,90,61_325_28_367_286_312_48_316_317_324_340_32_310_387_339_273_386_262_265_334_95_275_216_90,24,20
325,90,325_28_367_286_312_48_316_317_324_340_32_310_387_339_273_386_262_265_334_95_275_216_90,23,20
325,101,325_28_367_286_312_48_316_317_324_340_32_310_387_339_273_386_262_265_334_94_96_98_101,23,20
312,90,312_48_316_317_324_340_32_310_387_339_273_386_262_265_334_95_275_216_90,19,20
48,308,48_316_317_324_340_32_310_387_339_273_386_262_265_333_308,15,20
48,90,48_316_317_324_340_32_310_387_339_273_386_262_265_334_95_275_216_90,18,20
48,308,48_316_317_324_340_32_310_387_339_273_386_262_265_333_308,15,20
48,308,48_316_317_324_340_32_310_387_339_273_386_262_265_333_308,15,20
48,90,48_316_317_324_340_32_310_387_339_273_386_262_265_334_95_275_216_90,18,20
48,90,48_316_317_324_340_32_310_387_339_273_386_262_265_334_95_275_216_90,18,20
124,237,124_11_125_127_61_325_29_328_240_244_151_85_292_293_294_296_203_190_397_350_237,21,20
308,340,308_332_408_419_76_271_388_311_31_267_56_34_37_54_358_340,16,20
252,90,252_245_37_54_358_340_32_310_387_339_273_386_262_265_334_95_275_216_90,19,20
29,237,29_328_240_244_151_85_292_293_294_296_203_190_397_350_237,15,20
372,237,372_127_61_325_29_328_240_244_151_85_292_293_294_296_203_190_397_350_237,19,20
125,237,125_127_61_325_29_328_240_244_151_85_292_293_294_296_203_190_397_350_237,19,20
46,237,46_321_26_29_328_240_244_151_85_292_293_294_296_203_190_397_350_237,18,20
46,237,46_321_26_29_328_240_244_151_85_292_293_294_296_203_190_397_350_237,18,20
63,237,63_127_61_325_29_328_240_244_151_85_292_293_294_296_203_190_397_350_237,19,20
46,237,46_321_26_29_328_240_244_151_85_292_293_294_296_203_190_397_350_237,18,20
46,237,46_321_26_29_328_240_244_151_85_292_293_294_296_203_190_397_350_237,18,20
46,236,46_321_26_29_328_240_244_151_85_292_293_294_296_203_190_397_350_236,18,20
377,237,377_39_315_52_374_240_244_151_85_292_293_294_296_203_190_397_350_237,18,20
321,237,321_26_29_328_240_244_151_85_292_293_294_296_203_190_397_350_237,17,20
325,237,325_29_328_240_244_151_85_292_293_294_296_203_190_397_350_237,16,20
325,237,325_29_328_240_244_151_85_292_293_294_296_203_190_397_350_237,16,20
29,237,29_328_240_244_151_85_292_293_294_296_203_190_397_350_237,15,20
61,237,61_325_29_328_240_244_151_85_292_293_294_296_203_190_397_350_237,17,20
29,420,29_328_240_244_151_85_292_293_294_296_203_190_398_393_396_205_257_420,18,20
23,237,23_25_252_244_151_85_292_293_294_296_203_190_397_350_237,15,20
271,395,271_388_311_31_267_56_35_151_85_292_293_294_296_203_191_395,16,20
271,350,271_388_311_31_267_56_35_151_85_292_293_294_296_203_190_397_350,17,20
311,237,311_31_267_56_35_151_85_292_293_294_296_203_190_397_350_237,16,20
311,237,311_31_267_56_35_151_85_292_293_294_296_203_190_397_350_237,16,20
31,237,31_267_56_35_151_85_292_293_294_296_203_190_397_350_237,15,20
233,141,233_344_271_388_311_31_267_56_35_152_250_242_356_362_193_185_177_404_195_141,20,20
1,9,1_338_154_174_364_178_180_337_182_186_347_403_243_211_136_9,16,20
135,170,135_390_400_405_172_356_362_193_185_177_404_194_173_143_167_407_157_159_170,19,20
231,237,231_230_408_419_76_271_388_311_31_267_56_35_151_85_292_293_294_296_203_190_397_350_237,23,20
1,237,1_338_154_174_364_178_180_337_182_187_189_190_397_350_237,15,20
138,78,138_405_171_243_212_25_252_245_37_54_358_341_342_71_345_282_78,17,20
390,272,390_400_405_171_243_212_25_252_245_37_54_358_341_342_71_344_270_272,18,20
233,141,233_344_271_388_311_31_267_56_35_152_250_242_356_362_193_185_177_404_195_141,20,20
171,272,171_243_212_25_252_245_37_54_358_340_32_310_387_339_272,15,20
1,135,1_338_154_174_364_178_180_337_182_186_347_403_243_211_135,15,20
171,231,171_243_212_25_252_245_37_54_358_341_342_71_345_282_78_231,16,20
43,237,43_45_46_321_26_29_328_240_244_151_85_292_293_294_296_203_190_397_350_237,20,20
43,237,43_45_46_321_26_29_328_240_244_151_85_292_293_294_296_203_190_397_350_237,20,20
233,237,233_344_271_388_311_31_267_56_35_151_85_292_293_294_296_203_190_397_350_237,20,20
1,9,1_338_154_174_364_178_180_337_182_186_347_403_243_211_136_9,16,20
1,9,1_338_154_174_364_178_180_337_182_186_347_403_243_211_136_9,16,20
43,237,43_45_46_321_26_29_328_240_244_151_85_292_293_294_296_203_190_397_350_237,20,20
231,141,231_230_408_419_76_271_388_311_31_267_56_35_152_250_242_356_362_193_185_177_404_195_141,23,20
231,141,231_230_408_419_76_271_388_311_31_267_56_35_152_250_242_356_362_193_185_177_404_195_141,23,20
117,237,117_139_109_45_46_321_26_29_328_240_244_151_85_292_293_294_296_203_190_397_350_237,22,20
1,9,1_338_154_174_364_178_180_337_182_186_347_403_243_211_136_9,16,20
231,237,231_230_408_419_76_271_388_311_31_267_56_35_151_85_292_293_294_296_203_190_397_350_237,23,20
231,141,231_230_408_419_76_271_388_311_31_267_56_35_152_250_242_356_362_193_185_177_404_195_141,23,20
23,237,23_25_252_244_151_85_292_293_294_296_203_190_397_350_237,15,20
23,237,23_25_252_244_151_85_292_293_294_296_203_190_397_350_237,15,20
231,237,231_230_408_419_76_271_388_311_31_267_56_35_151_85_292_293_294_296_203_190_397_350_237,23,20
365,389,365_404_194_174_364_178_180_337_182_186_347_403_243_211_135_389,16,20
231,237,231_230_408_419_76_271_388_311_31_267_56_35_151_85_292_293_294_296_203_190_397_350_237,23,20
23,237,23_25_252_244_151_85_292_293_294_296_203_190_397_350_237,15,20
43,297,43_45_46_321_26_29_328_240_244_151_85_292_293_294_297,15,20
124,272,124_11_125_127_61_325_28_367_286_312_48_316_317_324_340_32_310_387_339_272,20,20
231,195,231_230_408_419_76_271_388_311_31_267_56_35_152_250_242_356_362_193_185_177_404_195,22,20
231,236,231_230_408_419_76_271_388_311_31_267_56_35_151_85_292_293_294_296_203_190_397_350_236,23,20
124,343,124_11_125_127_61_325_28_367_286_312_48_316_317_324_341_343,16,20
41,237,41_43_45_46_321_26_29_328_240_244_151_85_292_293_294_296_203_190_397_350_237,21,20
124,272,124_11_125_127_61_325_28_367_286_312_48_316_317_324_341_342_71_344_270_272,20,20
231,237,231_230_408_419_76_271_388_311_31_267_56_35_151_85_292_293_294_296_203_190_397_350_237,23,20
124,395,124_11_125_127_61_325_29_328_240_244_151_85_292_293_294_296_203_191_395,19,20
231,395,231_230_408_419_76_271_388_311_31_267_56_35_151_85_292_293_294_296_203_191_395,21,20
231,141,231_230_408_419_76_271_388_311_31_267_56_35_152_250_242_356_362_193_185_177_404_195_141,23,20
231,299,231_230_408_419_76_271_388_311_31_267_56_35_151_84_299,15,20
231,141,231_230_408_419_76_271_388_311_31_267_56_35_152_250_242_356_362_193_185_177_404_195_141,23,20
1,9,1_338_154_174_364_178_180_337_182_186_347_403_243_211_136_9,16,20
124,231,124_11_125_127_61_325_28_367_286_312_48_316_317_324_341_342_71_345_282_78_231,21,20
149,9,149_349_290_364_178_180_337_182_186_347_403_243_211_136_9,15,20
1,9,1_338_154_174_364_178_180_337_182_186_347_403_243_211_136_9,16,20
231,395,231_230_408_419_76_271_388_311_31_267_56_35_151_85_292_293_294_296_203_191_395,21,20
231,237,231_230_408_419_76_271_388_311_31_267_56_35_151_85_292_293_294_296_203_190_397_350_237,23,20
64,237,64_46_321_26_29_328_240_244_151_85_292_293_294_296_203_190_397_350_237,19,20
231,141,231_230_408_419_76_271_388_311_31_267_56_35_152_250_242_356_362_193_185_177_404_195_141,23,20
231,199,231_230_408_419_76_271_388_311_31_267_56_35_151_85_292_293_295_199,18,20
231,141,231_230_408_419_76_271_388_311_31_267_56_35_152_250_242_356_362_193_185_177_404_195_141,23,20
1,9,1_338_154_174_364_178_180_337_182_186_347_403_243_211_136_9,16,20
1,231,1_338_154_174_364_178_180_337_182_186_347_403_243_212_25_252_245_37_54_358_341_342_71_345_282_78_231,27,20
231,141,231_230_408_419_76_271_388_311_31_267_56_35_152_250_242_356_362_193_185_177_404_195_141,23,20
231,350,231_230_408_419_76_271_388_311_31_267_56_35_151_85_292_293_294_296_203_190_397_350,22,20
231,237,231_230_408_419_76_271_388_311_31_267_56_35_151_85_292_293_294_296_203_190_397_350_237,23,20
231,136,231_230_408_419_76_271_388_311_31_267_56_35_152_250_243_211_136,17,20
1,231,1_338_154_174_364_178_180_337_182_186_347_403_243_212_25_252_245_37_54_358_341_342_71_345_282_78_231,27,20
231,237,231_230_408_419_76_271_388_311_31_267_56_35_151_85_292_293_294_296_203_190_397_350_237,23,20
231,237,231_230_408_419_76_271_388_311_31_267_56_35_151_85_292_293_294_296_203_190_397_350_237,23,20
231,185,231_230_408_419_76_271_388_311_31_267_56_35_152_250_242_356_362_193_185,19,20
231,237,231_230_408_419_76_271_388_311_31_267_56_35_151_85_292_293_294_296_203_190_397_350_237,23,20
231,251,231_230_408_419_76_271_388_311_31_267_56_35_152_249_251,15,20
231,237,231_230_408_419_76_271_388_311_31_267_56_35_151_85_292_293_294_296_203_190_397_350_237,23,20
231,237,231_230_408_419_76_271_388_311_31_267_56_35_151_85_292_293_294_296_203_190_397_350_237,23,20
138,231,138_405_171_243_212_25_252_245_37_54_358_341_342_71_345_282_78_231,18,20
231,141,231_230_408_419_76_271_388_311_31_267_56_35_152_250_242_356_362_193_185_177_404_195_141,23,20
64,185,64_46_321_26_29_328_240_244_152_250_242_356_362_193_185,15,20
231,237,231_230_408_419_76_271_388_311_31_267_56_35_151_85_292_293_294_296_203_190_397_350_237,23,20
1,9,1_338_154_174_364_178_180_337_182_186_347_403_243_211_136_9,16,20
231,237,231_230_408_419_76_271_388_311_31_267_56_35_151_85_292_293_294_296_203_190_397_350_237,23,20
231,141,231_230_408_419_76_271_388_311_31_267_56_35_152_250_242_356_362_193_185_177_404_195_141,23,20
1,40,1_338_154_174_364_178_180_337_182_186_347_403_243_212_25_252_245_37_54_357_323_318_38_40,24,20
231,141,231_230_408_419_76_271_388_311_31_267_56_35_152_250_242_356_362_193_185_177_404_195_141,23,20
231,141,231_230_408_419_76_271_388_311_31_267_56_35_152_250_242_356_362_193_185_177_404_195_141,23,20
43,237,43_45_46_321_26_29_328_240_244_151_85_292_293_294_296_203_190_397_350_237,20,21
231,9,231_230_408_419_76_271_388_311_31_267_56_35_152_250_243_211_136_9,18,21
175,356,175_178_180_337_182_186_347_403_243_211_135_390_400_405_172_356,16,21
231,141,231_230_408_419_76_271_388_311_31_267_56_35_152_250_242_356_362_193_185_177_404_195_141,23,21
231,237,231_230_408_419_76_271_388_311_31_267_56_35_151_85_292_293_294_296_203_190_397_350_237,23,21
231,237,231_230_408_419_76_271_388_311_31_267_56_35_151_85_292_293_294_296_203_190_397_350_237,23,21
231,237,231_230_408_419_76_271_388_311_31_267_56_35_151_85_292_293_294_296_203_190_397_350_237,23,21
231,237,231_230_408_419_76_271_388_311_31_267_56_35_151_85_292_293_294_296_203_190_397_350_237,23,21
0,90,0_330_338_154_174_364_178_180_337_182_186_347_403_243_212_25_252_245_37_54_358_340_32_310_387_339_273_386_262_265_334_95_275_216_90,35,21
1,299,1_338_154_174_364_178_180_337_182_186_347_403_243_212_25_252_244_151_84_299,20,21
0,78,0_330_338_154_174_364_178_180_337_182_186_347_403_243_212_25_252_245_37_54_358_341_342_71_345_282_78,27,21
1,9,1_338_154_174_364_178_180_337_182_186_347_403_243_211_136_9,16,21
43,237,43_45_46_321_26_29_328_240_244_151_85_292_293_294_296_203_190_397_350_237,20,21
1,9,1_338_154_174_364_178_180_337_182_186_347_403_243_211_136_9,16,21
223,136,223_103_226_228_333_308_332_408_419_76_271_388_311_31_267_56_35_152_250_243_211_136,22,21
23,237,23_25_252_244_151_85_292_293_294_296_203_190_397_350_237,15,21
43,95,43_45_46_321_26_28_367_286_312_48_316_317_324_340_32_310_387_339_273_386_262_265_334_95,24,21
43,237,43_45_46_321_26_29_328_240_244_151_85_292_293_294_296_203_190_397_350_237,20,21
23,237,23_25_252_244_151_85_292_293_294_296_203_190_397_350_237,15,21
0,206,0_330_338_154_174_364_178_180_337_182_187_189_191_396_204_206,16,21
124,231,124_11_125_127_61_325_28_367_286_312_48_316_317_324_341_342_71_345_282_78_231,21,21
124,237,124_11_125_127_61_325_29_328_240_244_151_85_292_293_294_296_203_190_397_350_237,21,21
231,141,231_230_408_419_76_271_388_311_31_267_56_35_152_250_242_356_362_193_185_177_404_195_141,23,21
23,237,23_25_252_244_151_85_292_293_294_296_203_190_397_350_237,15,21
82,40,82_35_152_250_243_212_25_252_245_37_54_357_323_318_38_40,16,21
231,211,231_230_408_419_76_271_388_311_31_267_56_35_152_250_243_211,16,21
377,237,377_39_315_52_374_240_244_151_85_292_293_294_296_203_190_397_350_237,18,21
231,9,231_230_408_419_76_271_388_311_31_267_56_35_152_250_243_211_136_9,18,21
43,237,43_45_46_321_26_29_328_240_244_151_85_292_293_294_296_203_190_397_350_237,20,21
231,251,231_230_408_419_76_271_388_311_31_267_56_35_152_249_251,15,21
43,237,43_45_46_321_26_29_328_240_244_151_85_292_293_294_296_203_190_397_350_237,20,21
233,251,233_344_271_388_311_31_267_56_35_152_250_243_212_25_251,15,21
1,9,1_338_154_174_364_178_180_337_182_186_347_403_243_211_136_9,16,21
231,195,231_230_408_419_76_271_388_311_31_267_56_35_152_250_242_356_362_193_185_177_404_195,22,21
185,78,185_177_404_194_174_364_178_180_337_182_186_347_403_243_212_25_252_245_37_54_358_341_342_71_345_282_78,27,21
231,141,231_230_408_419_76_271_388_311_31_267_56_35_152_250_242_356_362_193_185_177_404_195_141,23,21
124,237,124_11_125_127_61_325_29_328_240_244_151_85_292_293_294_296_203_190_397_350_237,21,21
138,90,138_405_171_243_212_25_252_245_37_54_358_340_32_310_387_339_273_386_262_265_334_95_275_216_90,25,21
231,141,231_230_408_419_76_271_388_311_31_267_56_35_152_250_242_356_362_193_185_177_404_195_141,23,21
124,297,124_11_125_127_61_325_29_328_240_244_151_85_292_293_294_297,16,21
231,141,231_230_408_419_76_271_388_311_31_267_56_35_152_250_242_356_362_193_185_177_404_195_141,23,21
231,141,231_230_408_419_76_271_388_311_31_267_56_35_152_250_242_356_362_193_185_177_404_195_141,23,21
140,9,140_194_174_364_178_180_337_182_186_347_403_243_211_136_9,15,21
138,231,138_405_171_243_212_25_252_245_37_54_358_341_342_71_345_282_78_231,18,21
231,195,231_230_408_419_76_271_388_311_31_267_56_35_152_250_242_356_362_193_185_177_404_195,22,21
231,237,231_230_408_419_76_271_388_311_31_267_56_35_151_85_292_293_294_296_203_190_397_350_237,23,21
1,9,1_338_154_174_364_178_180_337_182_186_347_403_243_211_136_9,16,21
1,9,1_338_154_174_364_178_180_337_182_186_347_403_243_211_136_9,16,21
23,237,23_25_252_244_151_85_292_293_294_296_203_190_397_350_237,15,21
1,9,1_338_154_174_364_178_180_337_182_186_347_403_243_211_136_9,16,21
1,9,1_338_154_174_364_178_180_337_182_186_347_403_243_211_136_9,16,21
1,231,1_338_154_174_364_178_180_337_182_186_347_403_243_212_25_252_245_37_54_358_341_342_71_345_282_78_231,27,21
1,237,1_338_154_174_364_178_180_337_182_186_347_403_243_212_25_252_244_151_85_292_293_294_296_203_190_397_350_237,28,21
0,9,0_330_338_154_174_364_178_180_337_182_186_347_403_243_211_136_9,17,21
1,206,1_338_154_174_364_178_180_337_182_187_189_191_396_204_206,15,21
1,40,1_338_154_174_364_178_180_337_182_186_347_403_243_212_25_252_245_37_54_357_323_318_38_40,24,21
124,394,124_11_125_127_61_325_29_328_240_244_151_85_292_293_294_296_203_190_398_394,20,21
1,9,1_338_154_174_364_178_180_337_182_186_347_403_243_211_136_9,16,21
231,185,231_230_408_419_76_271_388_311_31_267_56_35_152_250_242_356_362_193_185,19,21
64,237,64_46_321_26_29_328_240_244_151_85_292_293_294_296_203_190_397_350_237,19,21
1,9,1_338_154_174_364_178_180_337_182_186_347_403_243_211_136_9,16,21
330,40,330_338_154_174_364_178_180_337_182_186_347_403_243_212_25_252_245_37_54_357_323_318_38_40,24,21
43,206,43_45_46_321_26_29_328_240_244_151_85_292_293_294_296_203_191_396_204_206,20,21
330,231,330_338_154_174_364_178_180_337_182_186_347_403_243_212_25_252_245_37_54_358_341_342_71_345_282_78_231,27,21
43,297,43_45_46_321_26_29_328_240_244_151_85_292_293_294_297,15,21
1,77,1_338_154_174_364_178_180_337_182_186_347_403_243_212_25_252_245_37_54_358_341_342_71_345_282_77,26,21
43,350,43_45_46_321_26_29_328_240_244_151_85_292_293_294_296_203_190_397_350,19,22
43,237,43_45_46_321_26_29_328_240_244_151_85_292_293_294_296_203_190_397_350_237,20,22
1,9,1_338_154_174_364_178_180_337_182_186_347_403_243_211_136_9,16,22
1,9,1_338_154_174_364_178_180_337_182_186_347_403_243_211_136_9,16,22
1,9,1_338_154_174_364_178_180_337_182_186_347_403_243_211_136_9,16,22
43,237,43_45_46_321_26_29_328_240_244_151_85_292_293_294_296_203_190_397_350_237,20,22
149,9,149_349_290_364_178_180_337_182_186_347_403_243_211_136_9,15,22
1,9,1_338_154_174_364_178_180_337_182_186_347_403_243_211_136_9,16,22
0,231,0_330_338_154_174_364_178_180_337_182_186_347_403_243_212_25_252_245_37_54_358_341_342_71_345_282_78_231,28,22
43,237,43_45_46_321_26_29_328_240_244_151_85_292_293_294_296_203_190_397_350_237,20,22
1,9,1_338_154_174_364_178_180_337_182_186_347_403_243_211_136_9,16,22
377,237,377_39_315_51_53_56_35_151_85_292_293_294_296_203_190_397_350_237,18,22
43,237,43_45_46_321_26_29_328_240_244_151_85_292_293_294_296_203_190_397_350_237,20,22
124,90,124_11_125_127_61_325_28_367_286_312_48_316_317_324_340_32_310_387_339_273_386_262_265_334_95_275_216_90,28,22
124,216,124_11_125_127_61_325_28_367_286_312_48_316_317_324_340_32_310_387_339_273_386_262_265_334_95_275_216,27,22
124,272,124_11_125_127_61_325_28_367_286_312_48_316_317_324_340_32_310_387_339_272,20,22
124,272,124_11_125_127_61_325_28_367_286_312_48_316_317_324_340_32_310_387_339_272,20,22
43,237,43_45_46_321_26_29_328_240_244_151_85_292_293_294_296_203_190_397_350_237,20,22
0,9,0_330_338_154_174_364_178_180_337_182_186_347_403_243_211_136_9,17,22
124,216,124_11_125_127_61_325_28_367_286_312_48_316_317_324_340_32_310_387_339_273_386_262_265_334_95_275_216,27,22
231,12,231_230_408_419_76_271_388_311_31_268_357_323_319_314_49_313_300_27_65_326_60_128_126_12,24,22
124,272,124_11_125_127_61_325_28_367_286_312_48_316_317_324_340_32_310_387_339_272,20,22
231,141,231_230_408_419_76_271_388_311_31_267_56_35_152_250_242_356_362_193_185_177_404_195_141,23,22
124,237,124_11_125_127_61_325_29_328_240_244_151_85_292_293_294_296_203_190_397_350_237,21,22
231,237,231_230_408_419_76_271_388_311_31_267_56_35_151_85_292_293_294_296_203_190_397_350_237,23,22
233,169,233_344_271_388_311_31_267_56_35_152_250_242_356_362_193_185_177_404_194_173_143_167_407_157_159_169,26,22
43,237,43_45_46_321_26_29_328_240_244_151_85_292_293_294_296_203_190_397_350_237,20,22
231,141,231_230_408_419_76_271_388_311_31_267_56_35_152_250_242_356_362_193_185_177_404_195_141,23,22
124,237,124_11_125_127_61_325_29_328_240_244_151_85_292_293_294_296_203_190_397_350_237,21,22
231,9,231_230_408_419_76_271_388_311_31_267_56_35_152_250_243_211_136_9,18,22
231,237,231_230_408_419_76_271_388_311_31_267_56_35_151_85_292_293_294_296_203_190_397_350_237,23,22
1,389,1_338_154_174_364_178_180_337_182_186_347_403_243_211_135_389,16,22
124,297,124_11_125_127_61_325_29_328_240_244_151_85_292_293_294_297,16,22
1,9,1_338_154_174_364_178_180_337_182_186_347_403_243_211_136_9,16,22
231,237,231_230_408_419_76_271_388_311_31_267_56_35_151_85_292_293_294_296_203_190_397_350_237,23,22
231,237,231_230_408_419_76_271_388_311_31_267_56_35_151_85_292_293_294_296_203_190_397_350_237,23,22
231,195,231_230_408_419_76_271_388_311_31_267_56_35_152_250_242_356_362_193_185_177_404_195,22,22
1,241,1_338_154_174_364_178_180_337_182_186_347_403_243_212_25_252_245_36_374_241,20,22
231,237,231_230_408_419_76_271_388_311_31_267_56_35_151_85_292_293_294_296_203_190_397_350_237,23,22
231,237,231_230_408_419_76_271_388_311_31_267_56_35_151_85_292_293_294_296_203_190_397_350_237,23,22
231,350,231_230_408_419_76_271_388_311_31_267_56_35_151_85_292_293_294_296_203_190_397_350,22,22
138,169,138_405_172_356_362_193_185_177_404_194_173_143_167_407_157_159_169,17,22
231,9,231_230_408_419_76_271_388_311_31_267_56_35_152_250_243_211_136_9,18,22
231,185,231_230_408_419_76_271_388_311_31_267_56_35_152_250_242_356_362_193_185,19,22
0,334,0_330_338_154_174_364_178_180_337_182_186_347_403_243_212_25_252_245_37_54_358_340_32_310_387_339_273_386_262_265_334,31,22
423,237,423_114_372_127_61_325_29_328_240_244_151_85_292_293_294_296_203_190_397_350_237,21,22
175,40,175_178_180_337_182_186_347_403_243_212_25_252_245_37_54_357_323_318_38_40,20,22
1,231,1_338_154_174_364_178_180_337_182_186_347_403_243_212_25_252_245_37_54_358_341_342_71_345_282_78_231,27,22
231,395,231_230_408_419_76_271_388_311_31_267_56_35_151_85_292_293_294_296_203_191_395,21,22
358,90,358_340_32_310_387_339_273_386_262_265_334_95_275_216_90,15,22
1,9,1_338_154_174_364_178_180_337_182_186_347_403_243_211_136_9,16,22
1,257,1_338_154_174_364_178_180_337_182_187_189_191_396_205_257,15,22
43,237,43_45_46_321_26_29_328_240_244_151_85_292_293_294_296_203_190_397_350_237,20,22
233,141,233_344_271_388_311_31_267_56_35_152_250_242_356_362_193_185_177_404_195_141,20,22
140,228,140_194_174_364_178_180_337_182_186_347_403_243_212_25_252_245_37_54_358_340_32_310_387_339_273_386_264_228,28,22
138,231,138_405_171_243_212_25_252_245_37_54_358_341_342_71_345_282_78_231,18,23
43,237,43_45_46_321_26_29_328_240_244_151_85_292_293_294_296_203_190_397_350_237,20,23
64,237,64_46_321_26_29_328_240_244_151_85_292_293_294_296_203_190_397_350_237,19,23
330,420,330_338_154_174_364_178_180_337_182_187_189_191_396_205_257_420,16,23
23,237,23_25_252_244_151_85_292_293_294_296_203_190_397_350_237,15,23
140,231,140_194_174_364_178_180_337_182_186_347_403_243_212_25_252_245_37_54_358_341_342_71_345_282_78_231,26,23
43,237,43_45_46_321_26_29_328_240_244_151_85_292_293_294_296_203_190_397_350_237,20,23
23,237,23_25_252_244_151_85_292_293_294_296_203_190_397_350_237,15,23
237,420,237_305_349_290_364_178_180_337_182_187_189_191_396_205_257_420,16,23
43,237,43_45_46_321_26_29_328_240_244_151_85_292_293_294_296_203_190_397_350_237,20,23
330,78,330_338_154_174_364_178_180_337_182_186_347_403_243_212_25_252_245_37_54_358_341_342_71_345_282_78,26,23
0,420,0_330_338_154_174_364_178_180_337_182_187_189_191_396_205_257_420,17,23
64,350,64_46_321_26_29_328_240_244_151_85_292_293_294_296_203_190_397_350,18,23
307,146,307_238_391_351_337_181_183_185_177_404_194_173_142_144_146,15,23
231,251,231_230_408_419_76_271_388_311_31_267_56_35_152_249_251,15,23
124,272,124_11_125_127_61_325_28_367_286_312_48_316_317_324_340_32_310_387_339_272,20,23
124,334,124_11_125_127_61_325_28_367_286_312_48_316_317_324_340_32_310_387_339_273_386_262_265_334,24,23
231,40,231_230_408_419_76_271_388_311_31_268_357_323_318_38_40,15,23
0,40,0_330_338_154_174_364_178_180_337_182_186_347_403_243_212_25_252_245_37_54_357_323_318_38_40,25,23
231,141,231_230_408_419_76_271_388_311_31_267_56_35_152_250_242_356_362_193_185_177_404_195_141,23,23
231,350,231_230_408_419_76_271_388_311_31_267_56_35_151_85_292_293_294_296_203_190_397_350,22,23
124,95,124_11_125_127_61_325_28_367_286_312_48_316_317_324_340_32_310_387_339_273_386_262_265_334_95,25,23
138,231,138_405_171_243_212_25_252_245_37_54_358_341_342_71_345_282_78_231,18,23
43,350,43_45_46_321_26_29_328_240_244_151_85_292_293_294_296_203_190_397_350,19,23
231,141,231_230_408_419_76_271_388_311_31_267_56_35_152_250_242_356_362_193_185_177_404_195_141,23,23
1,206,1_338_154_174_364_178_180_337_182_187_189_191_396_204_206,15,23
1,9,1_338_154_174_364_178_180_337_182_186_347_403_243_211_136_9,16,23
231,141,231_230_408_419_76_271_388_311_31_267_56_35_152_250_242_356_362_193_185_177_404_195_141,23,23
231,185,231_230_408_419_76_271_388_311_31_267_56_35_152_250_242_356_362_193_185,19,23
124,262,124_11_125_127_61_325_28_367_286_312_48_316_317_324_340_32_310_387_339_273_386_262,22,23
1,231,1_338_154_174_364_178_180_337_182_186_347_403_243_212_25_252_245_37_54_358_341_342_71_345_282_78_231,27,23
231,237,231_230_408_419_76_271_388_311_31_267_56_35_151_85_292_293_294_296_203_190_397_350_237,23,23
1,9,1_338_154_174_364_178_180_337_182_186_347_403_243_211_136_9,16,23
124,297,124_11_125_127_61_325_29_328_240_244_151_85_292_293_294_297,16,23
1,9,1_338_154_174_364_178_180_337_182_186_347_403_243_211_136_9,16,23
124,262,124_11_125_127_61_325_28_367_286_312_48_316_317_324_340_32_310_387_339_273_386_262,22,23
231,237,231_230_408_419_76_271_388_311_31_267_56_35_151_85_292_293_294_296_203_190_397_350_237,23,23
231,237,231_230_408_419_76_271_388_311_31_267_56_35_151_85_292_293_294_296_203_190_397_350_237,23,23
124,272,124_11_125_127_61_325_28_367_286_312_48_316_317_324_340_32_310_387_339_272,20,23
124,273,124_11_125_127_61_325_28_367_286_312_48_316_317_324_340_32_310_387_339_273,20,23
231,185,231_230_408_419_76_271_388_311_31_267_56_35_152_250_242_356_362_193_185,19,23
231,251,231_230_408_419_76_271_388_311_31_267_56_35_152_249_251,15,23
231,237,231_230_408_419_76_271_388_311_31_267_56_35_151_85_292_293_294_296_203_190_397_350_237,23,23
124,386,124_11_125_127_61_325_28_367_286_312_48_316_317_324_340_32_310_387_339_273_386,21,23
1,136,1_338_154_174_364_178_180_337_182_186_347_403_243_211_136,15,23
124,265,124_11_125_127_61_325_28_367_286_312_48_316_317_324_340_32_310_387_339_273_386_262_265,23,23
124,272,124_11_125_127_61_325_28_367_286_312_48_316_317_324_340_32_310_387_339_272,20,23
231,237,231_230_408_419_76_271_388_311_31_267_56_35_151_85_292_293_294_296_203_190_397_350_237,23,23
124,262,124_11_125_127_61_325_28_367_286_312_48_316_317_324_340_32_310_387_339_273_386_262,22,23
231,185,231_230_408_419_76_271_388_311_31_267_56_35_152_250_242_356_362_193_185,19,23
1,9,1_338_154_174_364_178_180_337_182_186_347_403_243_211_136_9,16,23
124,272,124_11_125_127_61_325_28_367_286_312_48_316_317_324_340_32_310_387_339_272,20,23
231,9,231_230_408_419_76_271_388_311_31_267_56_35_152_250_243_211_136_9,18,23
124,272,124_11_125_127_61_325_28_367_286_312_48_316_317_324_340_32_310_387_339_272,20,23
124,58,124_11_125_127_61_325_28_367_286_312_50_51_53_55_58,15,23
124,272,124_11_125_127_61_325_28_367_286_312_48_316_317_324_340_32_310_387_339_272,20,23
1,272,1_338_154_174_364_178_180_337_182_186_347_403_243_212_25_252_245_37_54_358_340_32_310_387_339_272,26,23
138,272,138_405_171_243_212_25_252_245_37_54_358_340_32_310_387_339_272,17,23
1,141,1_338_154_174_364_178_180_337_182_186_347_403_242_356_362_193_185_177_404_195_141,21,23
330,389,330_338_154_174_364_178_180_337_182_186_347_403_243_211_135_389,16,23
1,9,1_338_154_174_364_178_180_337_182_186_347_403_243_211_136_9,16,23
330,9,330_338_154_174_364_178_180_337_182_186_347_403_243_211_136_9,16,23
1,231,1_338_154_174_364_178_180_337_182_186_347_403_243_212_25_252_245_37_54_358_341_342_71_345_282_78_231,27,23
43,237,43_45_46_321_26_29_328_240_244_151_85_292_293_294_296_203_190_397_350_237,20,23
43,237,43_45_46_321_26_29_328_240_244_151_85_292_293_294_296_203_190_397_350_237,20,23
1,9,1_338_154_174_364_178_180_337_182_186_347_403_243_211_136_9,16,23
324,237,324_340_32_309_311_31_267_56_35_151_85_292_293_294_296_203_190_397_350_237,20,23
1,318,1_338_154_174_364_178_180_337_182_186_347_403_243_212_25_252_245_37_54_357_323_318,22,23
1,9,1_338_154_174_364_178_180_337_182_186_347_403_243_211_136_9,16,23
330,272,330_338_154_174_364_178_180_337_182_186_347_403_243_212_25_252_245_37_54_358_340_32_310_387_339_272,26,23
1,9,1_338_154_174_364_178_180_337_182_186_347_403_243_211_136_9,16,23
233,395,233_344_271_388_311_31_267_56_35_151_85_292_293_294_296_203_191_395,18,23
43,203,43_45_46_321_26_29_328_240_244_151_85_292_293_294_296_203,16,23
330,9,330_338_154_174_364_178_180_337_182_186_347_403_243_211_136_9,16,23
138,78,138_405_171_243_212_25_252_245_37_54_358_341_342_71_345_282_78,17,23
231,141,231_230_408_419_76_271_388_311_31_267_56_35_152_250_242_356_362_193_185_177_404_195_141,23,24
231,313,231_230_408_419_76_271_388_311_31_268_357_323_319_314_49_313,16,24
1,9,1_338_154_174_364_178_180_337_182_186_347_403_243_211_136_9,16,24
231,237,231_230_408_419_76_271_388_311_31_267_56_35_151_85_292_293_294_296_203_190_397_350_237,23,24
330,9,330_338_154_174_364_178_180_337_182_186_347_403_243_211_136_9,16,24
124,386,124_11_125_127_61_325_28_367_286_312_48_316_317_324_340_32_310_387_339_273_386,21,24
330,9,330_338_154_174_364_178_180_337_182_186_347_403_243_211_136_9,16,24
124,272,124_11_125_127_61_325_28_367_286_312_48_316_317_324_340_32_310_387_339_272,20,24
231,9,231_230_408_419_76_271_388_311_31_267_56_35_152_250_243_211_136_9,18,24
124,386,124_11_125_127_61_325_28_367_286_312_48_316_317_324_340_32_310_387_339_273_386,21,24
330,9,330_338_154_174_364_178_180_337_182_186_347_403_243_211_136_9,16,24
124,386,124_11_125_127_61_325_28_367_286_312_48_316_317_324_340_32_310_387_339_273_386,21,24
231,40,231_230_408_419_76_271_388_311_31_268_357_323_318_38_40,15,24
23,237,23_25_252_244_151_85_292_293_294_296_203_190_397_350_237,15,24
133,178,133_135_390_400_405_172_356_362_193_185_177_404_194_174_364_178,16,24
231,237,231_230_408_419_76_271_388_311_31_267_56_35_151_85_292_293_294_296_203_190_397_350_237,23,24
231,299,231_230_408_419_76_271_388_311_31_267_56_35_151_84_299,15,24
231,141,231_230_408_419_76_271_388_311_31_267_56_35_152_250_242_356_362_193_185_177_404_195_141,23,24
124,78,124_11_125_127_61_325_28_367_286_312_48_316_317_324_341_342_71_345_282_78,20,24
231,141,231_230_408_419_76_271_388_311_31_267_56_35_152_250_242_356_362_193_185_177_404_195_141,23,24
231,318,231_230_408_419_76_271_388_311_31_267_56_35_152_249_252_245_37_54_357_323_318,21,24
231,135,231_230_408_419_76_271_388_311_31_267_56_35_152_250_243_211_135,17,24
231,141,231_230_408_419_76_271_388_311_31_267_56_35_152_250_242_356_362_193_185_177_404_195_141,23,24
231,191,231_230_408_419_76_271_388_311_31_267_56_35_151_85_292_293_294_296_203_191,20,24
124,273,124_11_125_127_61_325_28_367_286_312_48_316_317_324_340_32_310_387_339_273,20,24
233,237,233_344_271_388_311_31_267_56_35_151_85_292_293_294_296_203_190_397_350_237,20,24
231,237,231_230_408_419_76_271_388_311_31_267_56_35_151_85_292_293_294_296_203_190_397_350_237,23,24
231,9,231_230_408_419_76_271_388_311_31_267_56_35_152_250_243_211_136_9,18,24
233,237,233_344_271_388_311_31_267_56_35_151_85_292_293_294_296_203_190_397_350_237,20,24
1,9,1_338_154_174_364_178_180_337_182_186_347_403_243_211_136_9,16,24
231,185,231_230_408_419_76_271_388_311_31_267_56_35_152_250_242_356_362_193_185,19,24
124,386,124_11_125_127_61_325_28_367_286_312_48_316_317_324_341_342_71_344_270_273_386,21,24
1,78,1_338_154_174_364_178_180_337_182_186_347_403_243_212_25_252_245_37_54_358_341_342_71_345_282_78,26,24
231,195,231_230_408_419_76_271_388_311_31_267_56_35_152_250_242_356_362_193_185_177_404_195,22,24
1,231,1_338_154_174_364_178_180_337_182_186_347_403_243_212_25_252_245_37_54_358_341_342_71_345_282_78_231,27,24
1,362,1_338_154_174_364_178_180_337_182_186_347_403_242_356_362,15,24
124,273,124_11_125_127_61_325_28_367_286_312_48_316_317_324_340_32_310_387_339_273,20,24
231,141,231_230_408_419_76_271_388_311_31_267_56_35_152_250_242_356_362_193_185_177_404_195_141,23,24
124,231,124_11_125_127_61_325_28_367_286_312_48_316_317_324_341_342_71_345_282_78_231,21,24
1,135,1_338_154_174_364_178_180_337_182_186_347_403_243_211_135,15,24
124,272,124_11_125_127_61_325_28_367_286_312_48_316_317_324_340_32_310_387_339_272,20,24
231,237,231_230_408_419_76_271_388_311_31_267_56_35_151_85_292_293_294_296_203_190_397_350_237,23,24
231,237,231_230_408_419_76_271_388_311_31_267_56_35_151_85_292_293_294_296_203_190_397_350_237,23,24
1,136,1_338_154_174_364_178_180_337_182_186_347_403_243_211_136,15,24
231,195,231_230_408_419_76_271_388_311_31_267_56_35_152_250_242_356_362_193_185_177_404_195,22,24
1,9,1_338_154_174_364_178_180_337_182_186_347_403_243_211_136_9,16,24
231,211,231_230_408_419_76_271_388_311_31_267_56_35_152_250_243_211,16,24
377,237,377_39_315_52_374_240_244_151_85_292_293_294_296_203_190_397_350_237,18,24
1,9,1_338_154_174_364_178_180_337_182_186_347_403_243_211_136_9,16,24
231,260,231_230_408_419_76_271_388_311_31_267_56_35_151_85_292_293_294_297_256_260,20,24
1,231,1_338_154_174_364_178_180_337_182_186_347_403_243_212_25_252_245_37_54_358_341_342_71_345_282_78_231,27,24
1,136,1_338_154_174_364_178_180_337_182_186_347_403_243_211_136,15,24
231,141,231_230_408_419_76_271_388_311_31_267_56_35_152_250_242_356_362_193_185_177_404_195_141,23,24
1,9,1_338_154_174_364_178_180_337_182_186_347_403_243_211_136_9,16,24
1,9,1_338_154_174_364_178_180_337_182_186_347_403_243_211_136_9,16,24
330,323,330_338_154_174_364_178_180_337_182_186_347_403_243_212_25_252_245_37_54_357_323,21,24
1,340,1_338_154_174_364_178_180_337_182_186_347_403_243_212_25_252_245_37_54_358_340,21,24
1,206,1_338_154_174_364_178_180_337_182_187_189_191_396_204_206,15,24
403,231,403_243_212_25_252_245_37_54_358_341_342_71_345_282_78_231,16,24
330,141,330_338_154_174_364_178_180_337_181_183_185_177_404_195_141,15,24
233,141,233_344_271_388_311_31_267_56_35_152_250_242_356_362_193_185_177_404_195_141,20,24
427,358,427_391_351_337_182_186_347_403_243_212_25_252_245_37_54_358,16,24
23,237,23_25_252_244_151_85_292_293_294_296_203_190_397_350_237,15,24
231,350,231_230_408_419_76_271_388_311_31_267_56_35_151_85_292_293_294_296_203_190_397_350,22,24
231,203,231_230_408_419_76_271_388_311_31_267_56_35_151_85_292_293_294_296_203,19,24
330,244,330_338_154_174_364_178_180_337_182_186_347_403_243_212_25_252_244,17,24
1,9,1_338_154_174_364_178_180_337_182_186_347_403_243_211_136_9,16,24
377,237,377_39_315_52_374_240_244_151_85_292_293_294_296_203_190_397_350_237,18,24
294,9,294_296_203_190_397_351_337_182_186_347_403_243_211_136_9,15,24
133,146,133_135_390_400_405_172_356_362_193_185_177_404_194_173_142_144_146,17,24
231,350,231_230_408_419_76_271_388_311_31_267_56_35_151_85_292_293_294_296_203_190_397_350,22,24
231,195,231_230_408_419_76_271_388_311_31_267_56_35_152_250_242_356_362_193_185_177_404_195,22,24
231,242,231_230_408_419_76_271_388_311_31_267_56_35_152_250_242,15,24
231,141,231_230_408_419_76_271_388_311_31_267_56_35_152_250_242_356_362_193_185_177_404_195_141,23,25
231,350,231_230_408_419_76_271_388_311_31_267_56_35_151_85_292_293_294_296_203_190_397_350,22,25
231,202,231_230_408_419_76_271_388_311_31_267_56_35_151_85_292_293_294_296_202,19,25
1,9,1_338_154_174_364_178_180_337_182_186_347_403_243_211_136_9,16,25
231,237,231_230_408_419_76_271_388_311_31_267_56_35_151_85_292_293_294_296_203_190_397_350_237,23,25
1,231,1_338_154_174_364_178_180_337_182_186_347_403_243_212_25_252_245_37_54_358_341_342_71_345_282_78_231,27,25
231,350,231_230_408_419_76_271_388_311_31_267_56_35_151_85_292_293_294_296_203_190_397_350,22,25
231,185,231_230_408_419_76_271_388_311_31_267_56_35_152_250_242_356_362_193_185,19,25
1,70,1_338_154_174_364_178_180_337_182_186_347_403_243_212_25_252_245_37_54_358_341_342_70,23,25
231,185,231_230_408_419_76_271_388_311_31_267_56_35_152_250_242_356_362_193_185,19,25
1,9,1_338_154_174_364_178_180_337_182_186_347_403_243_211_136_9,16,25
233,395,233_344_271_388_311_31_267_56_35_151_85_292_293_294_296_203_191_395,18,25
1,389,1_338_154_174_364_178_180_337_182_186_347_403_243_211_135_389,16,25
231,185,231_230_408_419_76_271_388_311_31_267_56_35_152_250_242_356_362_193_185,19,25
1,136,1_338_154_174_364_178_180_337_182_186_347_403_243_211_136,15,25
290,78,290_364_178_180_337_182_186_347_403_243_212_25_252_245_37_54_358_341_342_71_345_282_78,23,25
231,243,231_230_408_419_76_271_388_311_31_267_56_35_152_250_243,15,25
231,243,231_230_408_419_76_271_388_311_31_267_56_35_152_250_243,15,25
1,9,1_338_154_174_364_178_180_337_182_186_347_403_243_211_136_9,16,25
231,245,231_230_408_419_76_271_388_311_31_267_56_35_152_249_252_245,16,25
1,54,1_338_154_174_364_178_180_337_182_186_347_403_243_212_25_252_245_37_54,19,25
1,9,1_338_154_174_364_178_180_337_182_186_347_403_243_211_136_9,16,25
231,251,231_230_408_419_76_271_388_311_31_267_56_35_152_249_251,15,25
1,322,1_338_154_174_364_178_180_337_182_186_347_403_243_212_25_252_245_37_54_357_322,21,25
1,358,1_338_154_174_364_178_180_337_182_186_347_403_243_212_25_252_245_37_54_358,20,25
1,9,1_338_154_174_364_178_180_337_182_186_347_403_243_211_136_9,16,25
1,358,1_338_154_174_364_178_180_337_182_186_347_403_243_212_25_252_245_37_54_358,20,25
175,32,175_178_180_337_182_186_347_403_243_212_25_252_245_37_54_358_340_32,18,25
1,252,1_338_154_174_364_178_180_337_182_186_347_403_243_212_25_252,16,25
175,318,175_178_180_337_182_186_347_403_243_212_25_252_245_37_54_357_323_318,18,25
363,231,363_403_243_212_25_252_245_37_54_358_341_342_71_345_282_78_231,17,25
330,252,330_338_154_174_364_178_180_337_182_186_347_403_243_212_25_252,16,25
330,252,330_338_154_174_364_178_180_337_182_186_347_403_243_212_25_252,16,25
233,237,233_344_271_388_311_31_267_55_58_83_85_292_293_294_296_203_190_397_350_237,20,25
330,358,330_338_154_174_364_178_180_337_182_186_347_403_243_212_25_252_245_37_54_358,20,25
0,252,0_330_338_154_174_364_178_180_337_182_186_347_403_243_212_25_252,17,25
1,136,1_338_154_174_364_178_180_337_182_186_347_403_243_211_136,15,25
231,185,231_230_408_419_76_271_388_311_31_267_56_35_152_250_242_356_362_193_185,19,25
23,237,23_25_252_244_151_85_292_293_294_296_203_190_397_350_237,15,25
231,193,231_230_408_419_76_271_388_311_31_267_56_35_152_250_242_356_362_193,18,25
231,193,231_230_408_419_76_271_388_311_31_267_56_35_152_250_242_356_362_193,18,25
231,185,231_230_408_419_76_271_388_311_31_267_56_35_152_250_242_356_362_193_185,19,25
231,190,231_230_408_419_76_271_388_311_31_267_56_35_151_85_292_293_294_296_203_190,20,25
138,344,138_405_171_243_212_25_252_245_37_54_358_341_342_71_344,15,25
231,397,231_230_408_419_76_271_388_311_31_267_56_35_151_85_292_293_294_296_203_190_397,21,25
231,193,231_230_408_419_76_271_388_311_31_267_56_35_152_250_242_356_362_193,18,26
231,193,231_230_408_419_76_271_388_311_31_267_56_35_152_250_242_356_362_193,18,26
1,342,1_338_154_174_364_178_180_337_182_186_347_403_243_212_25_252_245_37_54_358_341_342,22,26
403,78,403_243_212_25_252_245_37_54_358_341_342_71_345_282_78,15,26
231,294,231_230_408_419_76_271_388_311_31_267_56_35_151_85_292_293_294,17,26
243,308,243_212_25_252_245_37_54_358_340_32_310_387_339_272_223_103_226_228_333_308,20,30
403,77,403_243_212_25_252_245_37_54_358_341_342_71_345_282_77,15,30
243,231,243_212_25_252_245_37_54_358_341_342_71_345_282_78_231,15,30
403,231,403_243_212_25_252_245_37_54_358_341_342_71_345_282_78_231,16,30
403,77,403_243_212_25_252_245_37_54_358_341_342_71_345_282_77,15,30
403,12,403_243_212_25_252_245_37_54_357_323_319_314_49_313_300_27_65_326_60_128_126_12,22,30
403,231,403_243_212_25_252_245_37_54_358_341_342_71_345_282_78_231,16,30
403,77,403_243_212_25_252_245_37_54_358_341_342_71_345_282_77,15,30
403,231,403_243_212_25_252_245_37_54_358_341_342_71_345_282_78_231,16,30
243,231,243_212_25_252_245_37_54_358_341_342_71_345_282_78_231,15,30
138,78,138_405_171_243_212_25_252_245_37_54_358_341_342_71_345_282_78,17,30
405,231,405_171_243_212_25_252_245_37_54_358_341_342_71_345_282_78_231,17,30
138,231,138_405_171_243_212_25_252_245_37_54_358_341_342_71_345_282_78_231,18,30
151,170,151_85_292_293_294_296_203_190_397_350_237_305_348_143_167_407_157_159_170,19,30
83,170,83_85_292_293_294_296_203_190_397_350_237_305_348_143_167_407_157_159_170,19,30
293,170,293_294_296_203_190_397_350_237_305_348_143_167_407_157_159_170,16,30
294,170,294_296_203_190_397_350_237_305_348_143_167_407_157_159_170,15,30
151,170,151_85_292_293_294_296_203_190_397_350_237_305_348_143_167_407_157_159_170,19,30
261,141,261_294_296_203_190_397_351_337_181_183_185_177_404_195_141,15,30
293,170,293_294_296_203_190_397_350_237_305_348_143_167_407_157_159_170,16,30
294,170,294_296_203_190_397_350_237_305_348_143_167_407_157_159_170,15,30
294,170,294_296_203_190_397_350_237_305_348_143_167_407_157_159_170,15,30
242,170,242_356_362_193_185_177_404_194_173_143_167_407_157_159_170,15,30
405,170,405_172_356_362_193_185_177_404_194_173_143_167_407_157_159_170,16,30
400,158,400_405_172_356_362_193_185_177_404_194_173_143_167_407_157_158,16,30
405,170,405_172_356_362_193_185_177_404_194_173_143_167_407_157_159_170,16,30
178,231,178_180_337_182_186_347_403_243_212_25_252_245_37_54_358_341_342_71_345_282_78_231,22,30
337,231,337_182_186_347_403_243_212_25_252_245_37_54_358_341_342_71_345_282_78_231,20,30
351,272,351_337_182_186_347_403_243_212_25_252_245_37_54_358_340_32_310_387_339_272,20,30
178,231,178_180_337_182_186_347_403_243_212_25_252_245_37_54_358_341_342_71_345_282_78_231,22,30
337,240,337_182_186_347_403_243_212_25_252_245_37_54_357_323_319_315_52_374_240,19,30
347,272,347_403_243_212_25_252_245_37_54_358_340_32_310_387_339_272,16,30
180,231,180_337_182_186_347_403_243_212_25_252_245_37_54_358_341_342_71_345_282_78_231,21,30
347,231,347_403_243_212_25_252_245_37_54_358_341_342_71_345_282_78_231,17,30
403,78,403_243_212_25_252_245_37_54_358_341_342_71_345_282_78,15,30
180,78,180_337_182_186_347_403_243_212_25_252_245_37_54_358_341_342_71_345_282_78,20,30
180,170,180_337_181_183_185_177_404_194_173_143_167_407_157_159_170,15,30
151,170,151_85_292_293_294_296_203_190_397_350_237_305_348_143_167_407_157_159_170,19,30
178,40,178_180_337_182_186_347_403_243_212_25_252_245_36_373_285_366_301_40,18,30
151,169,151_85_292_293_294_296_203_190_397_350_237_305_348_143_167_407_157_159_169,19,30
400,169,400_405_172_356_362_193_185_177_404_194_173_143_167_407_157_159_169,17,30
268,12,268_357_323_319_314_49_313_300_27_65_326_60_128_126_12,15,30
66,262,66_68_360_372_127_61_325_28_367_286_312_48_316_317_324_340_32_310_387_339_273_386_262,23,30
114,90,114_372_127_61_325_28_367_286_312_48_316_317_324_340_32_310_387_339_272_223_103_226_228_334_95_275_216_90,28,30
43,273,43_45_46_321_26_28_367_286_312_48_316_317_324_340_32_310_387_339_273,19,30
61,90,61_325_28_367_286_312_48_316_317_324_340_32_310_387_339_273_386_264_228_334_95_275_216_90,24,30
124,90,124_11_125_127_61_325_28_367_286_312_48_316_317_324_340_32_310_387_339_273_386_262_265_334_95_275_216_90,28,30
325,90,325_28_367_286_312_48_316_317_324_340_32_310_387_339_273_386_262_265_334_95_275_216_90,23,30
48,90,48_316_317_324_340_32_310_387_339_273_386_262_265_334_95_275_216_90,18,30
48,90,48_316_317_324_340_32_310_387_339_272_223_103_226_228_334_95_275_216_90,19,30
31,170,31_267_56_35_151_85_292_293_294_296_203_190_397_350_237_305_348_143_167_407_157_159_170,23,30
340,90,340_32_310_387_339_272_223_103_226_228_334_95_275_216_90,15,30
76,395,76_271_388_311_31_267_56_35_151_85_292_293_294_296_203_191_395,17,30
325,170,325_29_328_240_244_151_85_292_293_294_296_203_190_397_350_237_305_348_143_167_407_157_159_170,24,30
29,170,29_328_240_244_151_85_292_293_294_296_203_190_397_350_237_305_348_143_167_407_157_159_170,23,30
328,291,328_240_244_151_85_292_293_294_296_203_190_397_350_237_306_291,16,30
29,236,29_328_240_244_151_85_292_293_294_296_203_190_397_350_236,15,30
324,90,324_340_32_310_387_339_273_386_262_265_334_95_275_216_90,15,30
324,90,324_340_32_310_387_339_273_386_262_265_334_95_275_216_90,15,30
317,90,317_324_340_32_310_387_339_273_386_262_265_334_95_275_216_90,16,30
324,90,324_340_32_310_387_339_273_386_262_265_334_95_275_216_90,15,30
324,90,324_340_32_310_387_339_273_386_262_265_334_95_275_216_90,15,30
212,90,212_25_252_245_37_54_358_340_32_310_387_339_273_386_262_265_334_95_275_216_90,21,30
37,90,37_54_358_340_32_310_387_339_273_386_262_265_334_95_275_216_90,17,30
25,170,25_252_244_151_85_292_293_294_296_203_190_397_350_237_305_348_143_167_407_157_159_170,22,30
151,170,151_85_292_293_294_296_203_190_397_350_237_305_348_143_167_407_157_159_170,19,30
240,170,240_244_151_85_292_293_294_296_203_190_397_350_237_305_348_143_167_407_157_159_170,21,30
244,170,244_151_85_292_293_294_296_203_190_397_350_237_305_348_143_167_407_157_159_170,20,30
244,170,244_151_85_292_293_294_296_203_190_397_350_237_305_348_143_167_407_157_159_170,20,30
54,90,54_358_340_32_310_387_339_273_386_263_336_265_334_95_275_216_90,17,30
231,236,231_230_408_419_76_271_388_311_31_267_56_35_151_85_292_293_294_296_203_190_397_350_236,23,30
230,170,230_408_419_76_271_388_311_31_267_56_35_151_85_292_293_294_296_203_190_397_350_237_305_348_143_167_407_157_159_170,30,30
419,202,419_76_271_388_311_31_267_56_35_151_85_292_293_294_296_202,16,30
358,90,358_340_32_310_387_339_273_386_262_265_334_95_275_216_90,15,30
231,141,231_230_408_419_76_271_388_311_31_267_56_35_152_250_242_356_362_193_185_177_404_195_141,23,30
419,195,419_76_271_388_311_31_267_56_35_152_250_242_356_362_193_185_177_404_195,19,30
76,141,76_271_388_311_31_267_56_35_152_250_242_356_362_193_185_177_404_195_141,19,30
267,170,267_56_35_151_85_292_293_294_296_203_190_397_350_237_305_348_143_167_407_157_159_170,22,30
244,170,244_151_85_292_293_294_296_203_190_397_350_237_305_348_143_167_407_157_159_170,20,30
244,170,244_151_85_292_293_294_296_203_190_397_350_237_305_348_143_167_407_157_159_170,20,30
244,365,244_151_85_292_293_294_296_203_190_397_350_237_305_349_290_365,16,30
244,170,244_151_85_292_293_294_296_203_190_397_350_237_305_348_143_167_407_157_159_170,20,30
56,170,56_35_151_85_292_293_294_296_203_190_397_350_237_305_348_143_167_407_157_159_170,21,30
35,365,35_151_85_292_293_294_296_203_190_397_350_237_305_349_290_365,16,30
35,170,35_151_84_299_293_294_296_203_190_397_350_237_305_348_143_167_407_157_159_170,20,30
244,170,244_151_85_292_293_294_296_203_190_397_350_237_305_348_143_167_407_157_159_170,20,30
358,90,358_340_32_310_387_339_273_386_262_265_334_95_275_216_90,15,30
116,299,116_110_113_114_372_127_61_325_29_328_240_244_151_84_299,15,30
230,195,230_408_419_76_271_388_311_31_267_56_35_152_250_242_356_362_193_185_177_404_195,21,30
29,236,29_328_240_244_151_85_292_293_294_296_203_190_397_350_236,15,30
377,175,377_39_315_51_53_56_35_152_250_242_356_362_193_185_175,15,30
268,13,268_357_323_319_314_49_313_300_27_65_326_60_128_126_10_13,16,30
231,129,231_230_408_419_76_271_388_311_31_268_357_323_319_315_52_374_241_129,18,30
204,170,204_206_203_190_397_350_237_305_348_143_167_407_157_159_170,15,30
397,136,397_350_237_305_349_290_364_178_180_337_182_186_347_403_243_211_136,17,30
124,90,124_11_125_127_61_325_28_367_286_312_48_316_317_324_340_32_310_387_339_273_386_262_265_334_95_275_216_90,28,30
178,32,178_180_337_182_186_347_403_243_212_25_252_245_37_54_358_340_32,17,30
231,395,231_230_408_419_76_271_388_311_31_267_56_35_151_85_292_293_294_296_203_191_395,21,30
124,90,124_11_125_127_61_325_28_367_286_312_48_316_317_324_340_32_310_387_339_273_386_262_265_334_95_275_216_90,28,30
294,169,294_296_203_190_397_350_237_305_348_143_167_407_157_159_169,15,30
377,143,377_39_315_52_374_240_244_151_85_292_293_294_296_203_190_397_350_237_305_348_143,21,30
338,283,338_154_174_364_178_180_337_182_186_347_403_243_212_25_252_245_37_54_357_323_318_38_40_283,24,30
174,231,174_364_178_180_337_182_186_347_403_243_212_25_252_245_37_54_358_341_342_71_345_282_78_231,24,30
194,231,194_174_364_178_180_337_182_186_347_403_243_212_25_252_245_37_54_358_341_342_71_345_282_78_231,25,30
338,251,338_154_174_364_178_180_337_182_186_347_403_243_212_25_251,15,30
178,272,178_180_337_182_186_347_403_243_212_25_252_245_37_54_358_340_32_310_387_339_272,21,30
338,40,338_154_174_364_178_180_337_182_186_347_403_243_212_25_252_245_37_54_357_323_318_38_40,23,30
1,151,1_338_154_174_364_178_180_337_182_186_347_403_243_212_25_252_244_151,18,30
364,231,364_178_180_337_182_186_347_403_243_212_25_252_245_37_54_358_341_342_71_345_282_78_231,23,30
353,212,353_1_338_154_174_364_178_180_337_182_186_347_403_243_212,15,30
353,136,353_1_338_154_174_364_178_180_337_182_186_347_403_243_211_136,16,30
124,70,124_11_125_127_61_325_28_367_286_312_48_316_317_324_341_342_70,17,30
124,90,124_11_125_127_61_325_28_367_286_312_48_316_317_324_340_32_310_387_339_273_386_262_265_334_95_275_216_90,28,30
231,297,231_230_408_419_76_271_388_311_31_267_56_35_151_85_292_293_294_297,18,30
400,272,400_405_171_243_212_25_252_245_37_54_358_340_32_310_387_339_272,17,30
274,136,274_308_332_408_419_76_271_388_311_31_267_56_35_152_250_243_211_136,18,30
274,249,274_308_332_408_419_76_271_388_311_31_267_56_35_152_249,15,30
274,136,274_308_332_408_419_76_271_388_311_31_267_56_35_152_250_243_211_136,18,30
124,78,124_11_125_127_61_325_28_367_286_312_48_316_317_324_341_342_71_345_282_78,20,30
400,231,400_405_171_243_212_25_252_245_37_54_358_341_342_71_345_282_78_231,18,30
124,231,124_11_125_127_61_325_28_367_286_312_48_316_317_324_341_342_71_345_282_78_231,21,30
124,170,124_11_125_127_61_325_29_328_240_244_151_85_292_293_294_296_203_190_397_350_237_305_348_143_167_407_157_159_170,29,30
231,195,231_230_408_419_76_271_388_311_31_267_56_35_152_250_242_356_362_193_185_177_404_195,22,30
231,195,231_230_408_419_76_271_388_311_31_267_56_35_152_250_242_356_362_193_185_177_404_195,22,30
151,170,151_85_292_293_294_296_203_190_397_350_237_305_348_143_167_407_157_159_170,19,30
231,141,231_230_408_419_76_271_388_311_31_267_56_35_152_250_242_356_362_193_185_177_404_195_141,23,30
124,78,124_11_125_127_61_325_28_367_286_312_48_316_317_324_341_342_71_345_282_78,20,30
138,40,138_405_171_243_212_25_252_245_37_54_357_323_318_38_40,15,30
231,40,231_230_408_419_76_271_388_311_31_268_357_323_318_38_40,15,30
261,170,261_294_296_203_190_397_350_237_305_348_143_167_407_157_159_170,16,30
231,185,231_230_408_419_76_271_388_311_31_267_56_35_152_250_242_356_362_193_185,19,30
353,136,353_1_338_154_174_364_178_180_337_182_186_347_403_243_211_136,16,30
231,185,231_230_408_419_76_271_388_311_31_267_56_35_152_250_242_356_362_193_185,19,30
124,90,124_11_125_127_61_325_28_367_286_312_48_316_317_324_340_32_310_387_339_272_223_103_226_228_334_95_275_216_90,29,30
124,308,124_11_125_127_61_325_28_367_286_312_48_316_317_324_340_32_310_387_339_272_223_103_226_228_333_308,26,30
353,136,353_1_338_154_174_364_178_180_337_182_186_347_403_243_211_136,16,30
405,78,405_171_243_212_25_252_245_37_54_358_341_342_71_345_282_78,16,30
400,231,400_405_171_243_212_25_252_245_37_54_358_341_342_71_345_282_78_231,18,30
231,356,231_230_408_419_76_271_388_311_31_267_56_35_152_250_242_356,16,30
124,90,124_11_125_127_61_325_28_367_286_312_48_316_317_324_340_32_310_387_339_272_223_103_226_228_334_95_275_216_90,29,30
353,136,353_1_338_154_174_364_178_180_337_182_186_347_403_243_211_136,16,30
231,77,231_230_408_419_76_271_388_311_31_267_56_35_152_250_243_212_25_252_245_37_54_358_341_342_71_345_282_77,28,30
231,185,231_230_408_419_76_271_388_311_31_267_56_35_152_250_242_356_362_193_185,19,30
124,272,124_11_125_127_61_325_28_367_286_312_48_316_317_324_340_32_310_387_339_272,20,30
231,297,231_230_408_419_76_271_388_311_31_267_56_35_151_85_292_293_294_297,18,30
353,136,353_1_338_154_174_364_178_180_337_182_186_347_403_243_211_136,16,30
353,40,353_1_338_154_174_364_178_180_337_182_186_347_403_243_212_25_252_245_37_54_357_323_318_38_40,25,30
400,40,400_405_171_243_212_25_252_245_37_54_357_323_318_38_40,15,30
233,170,233_344_271_388_311_31_267_56_35_151_85_292_293_294_296_203_190_397_350_237_305_348_143_167_407_157_159_170,28,30
231,141,231_230_408_419_76_271_388_311_31_267_56_35_152_250_242_356_362_193_185_177_404_195_141,23,30
124,57,124_11_125_127_61_325_28_367_286_312_50_51_53_55_57,15,30
353,78,353_1_338_154_174_364_178_180_337_182_186_347_403_243_212_25_252_245_37_54_358_341_342_71_345_282_78,27,30
231,395,231_230_408_419_76_271_388_311_31_267_56_35_151_85_292_293_294_296_203_191_395,21,30
